,Artist,Biography,Listeners,Playcount,similar_artists
0,$kyhook,,,,
1,-M-,,,,
2,06 Boys,,,,
3,1.Cuz,,,,
4,10-FEET,,,,
5,100 gecs,,,,
6,100лиця,,,,
7,112,,,,
8,1915,,,,
9,1974 A.D,,,,
10,1PLIKÉ140,,,,
11,1da Banton,,,,
12,2 minutos,,,,
13,23,,,,
14,24kGoldn,,,,
15,3 Doors Down,,,,
16,3LAU,,,,
17,3rd Prototype,,,,
18,4Keus,,,,
19,5 Seconds of Summer,,,,
20,5УТРА,,,,
21,69 Danguje,,,,
22,70 mínútur,,,,
23,7B,,,,
24,A garota não,,,,
25,A$AP Ferg,,,,
26,A-Trak,,,,
27,A36,,,,
28,ABHIR,,,,
29,AC/DC,,,,
30,ACRAZE,,,,
31,ADAAM,,,,
32,ADHD,,,,
33,ADI,,,,
34,ADOY,,,,
35,ADSO,,,,
36,AFROJACK,,,,
37,AIGEL,,,,
38,AJ Mitchell,,,,
39,AKIM,,,,
40,AKMU,,,,
41,AKNE KID JOE,,,,
42,ALEKS ATAMAN,,,,
43,ALEX IVA,,,,
44,AMCHI,,,,
45,AMEE,,,,
46,AMI,,,,
47,ANAVITÓRIA,,,,
48,ANIKV,,,,
49,ANNA,,,,
50,ANNA ASTI,,,,
51,AP Dhillon,,,,
52,AQUIHAYAQUIHAY,,,,
53,ARD matthews,,,,
54,ARMNHMR,,,,
55,ARTY,,,,
56,ASCA,,,,
57,ASIAN KUNG-FU GENERATION,,,,
58,ATEEZ,,,,
59,ATELLWULF,,,,
60,ATYPISK,,,,
61,AUR,,,,
62,AURORA,,,,
63,AVA,,,,
64,AWOLNATION,,,,
65,AWS,,,,
66,AYLIVA,,,,
67,Aaliyah,,,,
68,Abdul Hannan,,,,
69,Abdul Majeed Abdullah,,,,
70,Abeer Nehme,,,,
71,Above & Beyond,,,,
72,Abraham Mateo,,,,
73,Abu,,,,
74,Accept,,,,
75,Acda en de Munnik,,,,
76,Ace Banzuelo,,,,
77,Achille Lauro,,,,
78,Adam,,,,
79,Adam Dodson,,,,
80,Adamlar,,,,
81,Adan La Amenaza,,,,
82,Addison Rae,,,,
83,Adekunle Gold,,,,
84,Adel,,,,
85,Adele,,,,
86,Adelitas Way,,,,
87,Adem & Murat,,,,
88,Aden x Asme,,,,
89,Aditya A,,,,
90,Aditya Rikhari,,,,
91,Admiral Freebee,,,,
92,Ado,,,,
93,Adrianne Lenker,,,,
94,Adrina,,,,
95,Adventure Club,,,,
96,Adé,,,,
97,Aeden,,,,
98,Aero Chord,,,,
99,Afsana Khan,,,,
100,Agnieszka Chylińska,,,,
101,Agsunta,,,,
102,Ahmed Jahanzeb,,,,
103,Ahmed Khaled,,,,
104,Ahmed Saad,,,,
105,Ahrix,,,,
106,Ai Higuchi,,,,
107,Aiba,,,,
108,Aija Andrejeva,,,,
109,Aimer,,,,
110,Aimyon,,,,
111,Air Supply,,,,
112,Airbag,,,,
113,Airways,,,,
114,Aissa,,,,
115,Aistė Smilgevičiūtė ir SKYLĖ,,,,
116,Aitana,,,,
117,Aivarask,,,,
118,Ajebo Hustlers,,,,
119,Ak4:20,,,,
120,Akashdeep Sengupta,,,,
121,Akhil,,,,
122,Akhil Sachdeva,,,,
123,Akon,,,,
124,Akram Hosny,,,,
125,Akshath,,,,
126,Aktiv Dödshjelp,,,,
127,Al Safir,,,,
128,Alain Clark,,,,
129,Alain Souchon,,,,
130,Alamat,,,,
131,Albatraoz,,,,
132,Alberte Winding,,,,
133,Alberto Toral,,,,
134,Albin Lee Meldau,,,,
135,Alec Benjamin,,,,
136,Alejandro Fernández,,,,
137,Alejandro Sanz,,,,
138,Alejo,,,,
139,Aleksandras Makejevas,,,,
140,Alena Omargalieva,,,,
141,Ales Brichta,,,,
142,Alessandra Amoroso,,,,
143,Alesso,,,,
144,Alex G,,,,
145,Alex Gargolas,,,,
146,Alex Kunnari,,,,
147,Alex Luna,,,,
148,Alex Rodríguez,,,,
149,Alex Rose,,,,
150,Alex Skrindo,,,,
151,Alex Ubago,,,,
152,Alex Velea,,,,
153,Alex Warren,,,,
154,Alexander 23,,,,
155,Alexander Eder,,,,
156,Alexia,,,,
157,Alexisonfire,,,,
158,Aleyna Tilki,,,,
159,Alfa,,,,
160,Ali Bakgor,,,,
161,Alina Eremia,,,,
162,Alison Wonderland,,,,
163,Alişan,,,,
164,Alkehol,,,,
165,Alkilados,,,,
166,All Time Low,,,,
167,Allen Mock,,,,
168,Allergic,,,,
169,Alligatoah,,,,
170,Almighty,,,,
171,Almost Weekend,,,,
172,AloeVera,,,,
173,Alok,,,,
174,Alonzo,,,,
175,Alton Ellis,,,,
176,Alva Gracia,,,,
177,Alvaro Diaz,,,,
178,Alvaro Soler,,,,
179,Alvin és a Mókusok,,,,
180,Alyans,,,,
181,Amaal Mallik,,,,
182,Amaarae,,,,
183,Amara,,,,
184,Amaral,,,,
185,Amatsuki,,,,
186,Amenazzy,,,,
187,Amir,,,,
188,Amir Dadon,,,,
189,Amjad Jomaa,,,,
190,Ammy Virk,,,,
191,Ampyx,,,,
192,Amrit Maan,,,,
193,Ana Bárbara,,,,
194,Ana Castela,,,,
195,Ana Mena,,,,
196,Ana Tijoux,,,,
197,Anacondaz,,,,
198,Analog Balaton,,,,
199,Anastasia,,,,
200,Anatomy Rabbit,,,,
201,Anddy Caicedo,,,,
202,Andia,,,,
203,Andiez,,,,
204,Andora,,,,
205,Andrei Banuta,,,,
206,Andrew Bird,,,,
207,Andrew Rayel,,,,
208,Andrius Mamontovas,,,,
209,André Hazes Jr.,,,,
210,Andrés Cepeda,,,,
211,Andy Grammer,,,,
212,Andy Rivera,,,,
213,Anet Sai,,,,
214,Angelina Mango,,,,
215,Angeliyo El Blanco,,,,
216,Angelou,,,,
217,Angham,,,,
218,Angie Stone,,,,
219,Angèle,,,,
220,Anh Quân Idol,,,,
221,Ania Karwan,,,,
222,Anikdote,,,,
223,Animal Jazz,,,,
224,Anis Don Demina,,,,
225,Anita Baker,,,,
226,Anitta,,,,
227,Ankerstjerne,,,,
228,Ankhal,,,,
229,Anna Puu,,,,
230,Anna Vissi,,,,
231,Anna Wyszkoni,,,,
232,Anna Yvette,,,,
233,Annalisa,,,,
234,Anne-Marie,,,,
235,Annika,,,,
236,Annika Aakjær,,,,
237,Anonimus,,,,
238,Anouk,,,,
239,Anstandslos & Durchgeknallt,,,,
240,Ant Wan,,,,
241,Antdot,,,,
242,Anthony,,,,
243,Anthony B,,,,
244,Antikvariniai Kašpirovskio dantys,,,,
245,Antonio Hernandez,,,,
246,Antonio Orozco,,,,
247,Antti Autio,,,,
248,Antytila,,,,
249,Anuel AA,,,,
250,Anuv Jain,,,,
251,Anıl Emre Daldal,,,,
252,Apulanta,,,,
253,Aqua VS,,,,
254,Ara Martirosyan,,,,
255,Arawato,,,,
256,Arcane,,,,
257,Arce,,,,
258,Arctic Monkeys,,,,
259,Arcy Drive,,,,
260,Arcángel,,,,
261,Arde Bogotá,,,,
262,Ardian Bujupi,,,,
263,Arem Ozguc,,,,
264,Aren',,,,
265,Ari Bajgora,,,,
266,Ariana Grande,,,,
267,Arif Murakami,,,,
268,Arizona Zervas,,,,
269,Arjan Dhillon,,,,
270,Arjun Kanungo,,,,
271,Arkells,,,,
272,Arko,,,,
273,Arlow,,,,
274,Armaan Malik,,,,
275,Arman Aydin,,,,
276,Armandinho,,,,
277,Armağan Oruç,,,,
278,Armin van Buuren,,,,
279,Arno,,,,
280,Aron Can,,,,
281,Arppa,,,,
282,Arrested Youth,,,,
283,Arsen Mirzoyan,,,,
284,Artan Lili,,,,
285,Arte Elegante,,,,
286,Artem Pivovarov,,,,
287,Arthur Nery,,,,
288,Arthur Pirozhkov,,,,
289,Artigeardit,,,,
290,Artik & Asti,,,,
291,Arttu Wiskari,,,,
292,Artur Rojek,,,,
293,Asaf Avidan,,,,
294,Asake,,,,
295,Asal Kolaar,,,,
296,Ashanti,,,,
297,Ashibah,,,,
298,Aslan,,,,
299,Asme,,,,
300,Asper X,,,,
301,Aston Kalmari,,,,
302,Astrid S,,,,
303,Astro'n'out,,,,
304,Atarayo,,,,
305,Atheist Rap,,,,
306,Athena,,,,
307,Atif Aslam,,,,
308,Atim,,,,
309,Au/Ra,,,,
310,Au5,,,,
311,Audien,,,,
312,Audioscribe,,,,
313,August Alsina,,,,
314,August Høyen,,,,
315,Aurelio Gallardo,,,,
316,Aurevoir.,,,,
317,Austin French,,,,
318,Austin Williams,,,,
319,Autograf,,,,
320,Auður,,,,
321,Ava Max,,,,
322,Avant,,,,
323,Aventura,,,,
324,Avicii,,,,
325,Avvy Sra,,,,
326,Awakend,,,,
327,Awesome City Club,,,,
328,Axel Johansson,,,,
329,Axwell,,,,
330,Axwell /\ Ingrosso,,,,
331,Aya Nakamura,,,,
332,Ayax y Prok,,,,
333,Ayaz Erdoğan,,,,
334,Aydilge,,,,
335,Azaan Sami Khan,,,,
336,Azahriah,,,,
337,Aziz Hedra,,,,
338,Aziz Maraka,,,,
339,B Praak,,,,
340,B-Case,,,,
341,B.I,,,,
342,BABYMETAL,,,,
343,BABYMONSTER,,,,
344,BANNERS,,,,
345,BARANOVSKI,,,,
346,BEA PELEA,,,,
347,BEAUZ,,,,
348,BEJO,,,,
349,BENEE,,,,
350,BESS,,,,
351,BETWEEN FRIENDS,,,,
352,BIG Naughty,,,,
353,BIGBANG,,,,
354,BINI,,,,
355,BLACKPINK,,,,
356,BLANCO,,,,
357,BLANKA,,,,
358,BLR,,,,
359,BLUE ENCOUNT,,,,
360,BLØF,,,,
361,BNXN,,,,
362,BOL4,,,,
363,BOWKYLION,,,,
364,BOYNEXTDOOR,,,,
365,BRAZA,,,,
366,BRKLYN,,,,
367,BRÍET,,,,
368,BSS,,,,
369,BTS,,,,
370,BUMP OF CHICKEN,,,,
371,BURNOUT SYNDROMES,,,,
372,BUS,,,,
373,BYOR,,,,
374,Baani Sandhu,,,,
375,Baba Shrimps,,,,
376,Babasonicos,,,,
377,Baby Rasta,,,,
378,Baby Rasta y Gringo,,,,
379,Babyboy AV,,,,
380,Babyface,,,,
381,Bacilos,,,,
382,Bad Bunny,,,,
383,Bad Gyal,,,,
384,Bad Sounds,,,,
385,Bad Suns,,,,
386,Badflower,,,,
387,Baggalútur,,,,
388,Bagossy Brothers Company,,,,
389,Bahaa Sultan,,,,
390,Bahh Tee,,,,
391,Bailey Zimmerman,,,,
392,Baiuca,,,,
393,Bajaga & Instruktori,,,,
394,Bakr,,,,
395,Balbi El Chamako,,,,
396,Bali Bandits,,,,
397,Baloosh,,,,
398,Baltasis Kiras,,,,
399,Balthazar,,,,
400,Balti,,,,
401,Bandaga,,,,
402,Bandang Lapis,,,,
403,Barlas & Mert,,,,
404,Barns Courtney,,,,
405,Bart B More,,,,
406,Bart Peeters,,,,
407,Barış Manço,,,,
408,Bass Boosted,,,,
409,Bassjackers,,,,
410,Bassnectar,,,,
411,Basta,,,,
412,Bastille,,,,
413,Basto,,,,
414,Basty Corvalan,,,,
415,Batu Akdeniz,,,,
416,Batuhan Kordel,,,,
417,Bayaan,,,,
418,Bayanni,,,,
419,Bayker Blankenship,,,,
420,Bayriton,,,,
421,Bayron Fire,,,,
422,Bazzi,,,,
423,Bea Miller,,,,
424,Beach Bunny,,,,
425,Bear's Den,,,,
426,Beatmount,,,,
427,Bebe Rexha,,,,
428,Becky G,,,,
429,Becky Hill,,,,
430,Bedroom Audio,,,,
431,Bee Gees,,,,
432,Beendo Z,,,,
433,Behm,,,,
434,Beirut,,,,
435,Bell X1,,,,
436,Bella Shmurda,,,,
437,Bellakath,,,,
438,Ben Mazué,,,,
439,Ben Rector,,,,
440,Ben Van Kuringen,,,,
441,Ben Yart,,,,
442,Bengü,,,,
443,Benito Kamelas,,,,
444,Benjamin,,,,
445,Benjamin Biolay,,,,
446,Benjamin Hav,,,,
447,Benjamin Ingrosso,,,,
448,Benji & Fede,,,,
449,Benny Benassi,,,,
450,Benny Jamz,,,,
451,Benson Boone,,,,
452,Beny Jr,,,,
453,Berc Polat,,,,
454,Beret,,,,
455,Berge,,,,
456,Berkay,,,,
457,Bermudu Divstūris,,,,
458,Betcha,,,,
459,Better Oblivion Community Center,,,,
460,Beyoncé,,,,
461,Bezegol,,,,
462,Beéle,,,,
463,Bhaskar,,,,
464,Biffy Clyro,,,,
465,Big Daddy Weave,,,,
466,Big Lois,,,,
467,Big Soto,,,,
468,Big Thief,,,,
469,BigDaddy,,,,
470,Bigbang,,,,
471,Bigflo & Oli,,,,
472,Bilal Saeed,,,,
473,Billie Eilish,,,,
474,Billkin,,,,
475,Billy Idol,,,,
476,Billy Joel,,,,
477,Bingo Players,,,,
478,Binz,,,,
479,Biplan,,,,
480,Bir,,,,
481,Birsen Tezer,,,,
482,Bishop Briggs,,,,
483,Bizarrap,,,,
484,Bjartmar Guðlaugsson,,,,
485,Björk,,,,
486,Bjørn Hellfuck,,,,
487,Black Coffee,,,,
488,"Black Country, New Road",,,,
489,Black Dresses,,,,
490,Black Eyed Peas,,,,
491,Black Obelisk,,,,
492,Black Sherif,,,,
493,Blackbeans,,,,
494,Blackstreet,,,,
495,Blahalouisiana,,,,
496,Blaq Diamond,,,,
497,Blasterjaxx,,,,
498,Blaue Blume,,,,
499,Bleachers,,,,
500,Blessd,,,,
501,Bletka,,,,
502,Bleu Clair,,,,
503,Blizzy,,,,
504,Blomst,,,,
505,Blondinka KsU,,,,
506,Blossoms,,,,
507,Blur,,,,
508,Blxst,,,,
509,Blæst,,,,
510,Boban Rajovic,,,,
511,Bobina,,,,
512,Bohemia,,,,
513,Bohemian Betyars,,,,
514,Bolaget,,,,
515,Bomba Estéreo,,,,
516,Bombay Bicycle Club,,,,
517,Bon Calso,,,,
518,Bon Entendeur,,,,
519,Bon Iver,,,,
520,Bonaparte,,,,
521,Bonifácio Aurio,,,,
522,Booba,,,,
523,Boombox,,,,
524,Boomdabash,,,,
525,Borgeous,,,,
526,Borgore,,,,
527,Bosh,,,,
528,Boston Bun,,,,
529,Bougenvilla,,,,
530,Boy Wonder CF,,,,
531,Boye & Sigvardt,,,,
532,Boyscott,,,,
533,Boyz II Men,,,,
534,Boza,,,,
535,Branco,,,,
536,Brandi Carlile,,,,
537,Brandon Heath,,,,
538,Brandy,,,,
539,Brandy Senki,,,,
540,Brantley Gilbert,,,,
541,Breaking Beattz,,,,
542,Breno Miranda,,,,
543,Breno Rocha,,,,
544,Brent Cobb,,,,
545,Brenton Mattheus,,,,
546,Bresh,,,,
547,Bricklake,,,,
548,Bring Me The Horizon,,,,
549,Brittany Howard,,,,
550,Brkovi,,,,
551,Broiler,,,,
552,Broken Bells,,,,
553,Brooks,,,,
554,Brother Firetribe,,,,
555,Brothers Osborne,,,,
556,Brray,,,,
557,Bruce Springsteen,,,,
558,Bruno Be,,,,
559,Bruno Furlan,,,,
560,Bruno Major,,,,
561,Bruno Mars,,,,
562,Bruno Martini,,,,
563,Brunori Sas,,,,
564,Bryan Adams,,,,
565,Bryan Martin,,,,
566,Bryan de Jesús,,,,
567,Bryant Myers,,,,
568,Brytiago,,,,
569,Bubbi Morthens,,,,
570,Buhos,,,,
571,Building 429,,,,
572,Bumpin Uglies,,,,
573,Bunbury,,,,
574,Burak Bulut,,,,
575,Buray,,,,
576,Burhan G,,,,
577,Burna Boy,,,,
578,By Индия,,,,
579,Bárbara Bandeira,,,,
580,Bäsello,,,,
581,Bích Phương,,,,
582,Böhse Onkelz,,,,
583,Bökkers,,,,
584,Bùi Anh Tuấn,,,,
585,Büyük Ev Ablukada,,,,
586,C Marí,,,,
587,C. Tangana,,,,
588,C.Gambino,,,,
589,CADE,,,,
590,CALVO,,,,
591,CAZZETTE,,,,
592,CC Cowboys,,,,
593,CHEEV,,,,
594,CHiCO with HoneyWorks,,,,
595,CID,,,,
596,CMAT,,,,
597,CMC$,,,,
598,CNCO,,,,
599,CREAM SODA,,,,
600,CVBZ,,,,
601,CWT,,,,
602,Cachirula,,,,
603,Cage The Elephant,,,,
604,Cairokee,,,,
605,Calcutta ,,,,
606,Caleb,,,,
607,Caleb Calloway,,,,
608,Caleb Hearn,,,,
609,Calein,,,,
610,Calema,,,,
611,Cali Y El Dandee,,,,
612,Caloncho,,,,
613,Calum Scott,,,,
614,Calvin Harris,,,,
615,Cam,,,,
616,Camela,,,,
617,Camila Cabello,,,,
618,Camilo,,,,
619,Camin,,,,
620,Can Bonomo,,,,
621,Canelita,,,,
622,Cano,,,,
623,Canozan,,,,
624,Capchii,,,,
625,Capicua,,,,
626,Capitão Fausto,,,,
627,Capleton,,,,
628,Capo Plaza,,,,
629,Captain Cuts,,,,
630,Car Seat Headrest,,,,
631,"Car, the garden",,,,
632,Caramelos De Cianuro,,,,
633,Cardi B,,,,
634,Carl Emil Petersen,,,,
635,Carla Fernandes,,,,
636,Carla's Dreams,,,,
637,Carmen Soliman,,,,
638,Carnage,,,,
639,Carola,,,,
640,Carpark North,,,,
641,Carson Coma,,,,
642,Cartoon,,,,
643,Cash Cash,,,,
644,Cashae,,,,
645,Casper Magico,,,,
646,Cassete Pirata,,,,
647,Cassia,,,,
648,Cassie,,,,
649,Casting Crowns,,,,
650,Cat Ballou,,,,
651,Cat Burns,,,,
652,Cat Dealers,,,,
653,Catfish and the Bottlemen,,,,
654,Cats On Trees,,,,
655,Cauty,,,,
656,Cavetown,,,,
657,Cazzu,,,,
658,Ceaese,,,,
659,Ceca,,,,
660,Cecilio G.,,,,
661,Cedric Gervais,,,,
662,Cem Adrian,,,,
663,Cesare Cremonini,,,,
664,Cesk Freixas,,,,
665,Cestar,,,,
666,Cezinando,,,,
667,Chance Peña,,,,
668,Chandra Brar,,,,
669,Changg,,,,
670,Chani Nattan,,,,
671,Chappell Roan,,,,
672,Charles Wesley Godwin,,,,
673,Charli xcx,,,,
674,Charlie Brown Jr.,,,,
675,Charlie Charles,,,,
676,Charlie Puth,,,,
677,Charlie Winston,,,,
678,Charlie Worsham,,,,
679,Charlotte Cardin,,,,
680,Charly García,,,,
681,Chase Rice,,,,
682,Chayanne,,,,
683,Chayce Beckham,,,,
684,Cheat Codes,,,,
685,Cheema Y,,,,
686,Chef'Special,,,,
687,Chemical Surf,,,,
688,Chencho Corleone,,,,
689,Chesca,,,,
690,Chester Young,,,,
691,Chevon,,,,
692,Chicago,,,,
693,Chico,,,,
694,Chico Pablo,,,,
695,Chico Trujillo,,,,
696,Chike,,,,
697,Chillies,,,,
698,Chino & Nacho,,,,
699,Chisu,,,,
700,ChocQuibTown,,,,
701,Choclock,,,,
702,Chocolate Puma,,,,
703,Chris Abolade,,,,
704,Chris Cornell,,,,
705,Chris Holsten,,,,
706,Chris Janson,,,,
707,Chris Jedi,,,,
708,Chris Lake,,,,
709,Chris Lane,,,,
710,Chris Lawyer,,,,
711,Chris Tomlin,,,,
712,Christian Death,,,,
713,Christina Milian,,,,
714,Christina Salti,,,,
715,Christopher,,,,
716,Christy Moore,,,,
717,Chubby Checker,,,,
718,Chuwi,,,,
719,Chyno Miranda,,,,
720,Cian Ducrot,,,,
721,Ciara,,,,
722,Cidergirl,,,,
723,Cienfue,,,,
724,Cigarettes After Sex,,,,
725,Cihan Mürtezaoğlu,,,,
726,Circa Waves,,,,
727,Citi Zēni,,,,
728,City of the Sun,,,,
729,Citybois,,,,
730,Clairo,,,,
731,Clara Luciani,,,,
732,Clarx,,,,
733,Claudio Capéo,,,,
734,Claudio Montana,,,,
735,Clean Bandit,,,,
736,Clock Machine,,,,
737,Clou,,,,
738,Cocco Lexa,,,,
739,Coco Jones,,,,
740,CocoJR,,,,
741,Cocoon,,,,
742,Cocteau Twins,,,,
743,Codeko,,,,
744,Cody Jinks,,,,
745,Cody Johnson,,,,
746,Coez,,,,
747,Colby Acuff,,,,
748,Coldplay,,,,
749,Cole Swindell,,,,
750,Colorblind,,,,
751,Colton Dixon,,,,
752,Coma,,,,
753,Comando Tiburon,,,,
754,Common Kings,,,,
755,Conan Gray,,,,
756,Conep,,,,
757,Connie Francis,,,,
758,Conociendo Rusia,,,,
759,Conor Matthews,,,,
760,Conro,,,,
761,Conton Candy,,,,
762,CoolKid,,,,
763,Coone,,,,
764,Corey Kent,,,,
765,Corey Taylor,,,,
766,Corina Smith,,,,
767,Corneille,,,,
768,Cornelia Jakobs,,,,
769,Cosculluela,,,,
770,Counting Crows,,,,
771,Courteeners,,,,
772,Cray Dalton,,,,
773,Creed,,,,
774,Creep Hyp,,,,
775,Creepy Nuts,,,,
776,Cris Mj,,,,
777,Crissin,,,,
778,Cristian D,,,,
779,Crossnaders,,,,
780,Crowder,,,,
781,Crush,,,,
782,Cruz Cafuné,,,,
783,Cruzando El Charco,,,,
784,Csaknekedkislány,,,,
785,Cuco,,,,
786,Cults,,,,
787,Cultura Profética,,,,
788,Culture Code,,,,
789,Culture Wars,,,,
790,Cup of Joe,,,,
791,Cupido,,,,
792,Curbi,,,,
793,Curly Strings,,,,
794,Cynthia Erivo,,,,
795,Cypis,,,,
796,Cyrko,,,,
797,CÉLINE,,,,
798,Cá Hồi Hoang,,,,
799,D Gerrard,,,,
800,D' La Crem,,,,
801,D'Angello & Francis,,,,
802,D-A-D,,,,
803,D.O.,,,,
804,D.O.D,,,,
805,D1MA,,,,
806,DA Uzi,,,,
807,DAAZ,,,,
808,DANIEL,,,,
809,DAY6,,,,
810,DEAD BLONDE,,,,
811,DEAMN,,,,
812,DEAN,,,,
813,DECO*27,,,,
814,DEKKO,,,,
815,DELLAFUENTE,,,,
816,DENM,,,,
817,DESERT STAR,,,,
818,DESH,,,,
819,DEVA,,,,
820,DI-RECT,,,,
821,DIA,,,,
822,DICE,,,,
823,DIIV,,,,
824,DIMMA,,,,
825,DJ Babs,,,,
826,DJ Chad,,,,
827,DJ Damyan,,,,
828,DJ Free,,,,
829,DJ Kantik,,,,
830,DJ Kayel,,,,
831,DJ Khaled,,,,
832,DJ Lalo,,,,
833,DJ Licious,,,,
834,DJ Luian,,,,
835,DJ Matrix,,,,
836,DJ Muscleboy,,,,
837,DJ Nao,,,,
838,DJ Nelson,,,,
839,DJ Neptune,,,,
840,DJ Noiz,,,,
841,DJ Oku Luukkainen,,,,
842,DJ Pingusso,,,,
843,DJ Project,,,,
844,DJ SMASH,,,,
845,DJ Shaan,,,,
846,DJ Snake,,,,
847,DJ Tao,,,,
848,DJ Tarico,,,,
849,DJ Tunez,,,,
850,DLMT,,,,
851,DMA'S,,,,
852,DOES,,,,
853,DOROFEEVA,,,,
854,DR. VODKA,,,,
855,DREZDEN,,,,
856,DROELOE,,,,
857,DRØOM,,,,
858,DTF,,,,
859,DVBBS,,,,
860,DZIDZIO,,,,
861,Da LAB,,,,
862,Da-iCE,,,,
863,DaBaby,,,,
864,Dabin,,,,
865,Dabro,,,,
866,Dabro remix,,,,
867,Dada Life,,,,
868,Daddy Was a Milkman,,,,
869,Daddy Yankee,,,,
870,Dadju,,,,
871,Daft Punk,,,,
872,Dagny,,,,
873,Daily J,,,,
874,Daisy Jones & The Six,,,,
875,Dalex,,,,
876,DallasK,,,,
877,Dalmata,,,,
878,Damas Gratis,,,,
879,Damaui,,,,
880,Damso,,,,
881,Dan Balan,,,,
882,Dan Bremnes,,,,
883,Dan Port,,,,
884,Danell Arma,,,,
885,Dani Fernández,,,,
886,Dani Flow,,,,
887,Dani Martín,,,,
888,DaniMflow,,,,
889,Daniel Adams-Ray,,,,
890,Daniel Landa,,,,
891,Daniela Rathana,,,,
892,Danilo e Davi,,,,
893,Danna Paola,,,,
894,Dannic,,,,
895,Danny Gokey,,,,
896,Danny Ocean,,,,
897,Danny Vera,,,,
898,Danser Med Piger,,,,
899,Dante Klein,,,,
900,Dapa Deep,,,,
901,Darbuka Siva,,,,
902,Darell,,,,
903,Daria Marx,,,,
904,Daria Zawiałow,,,,
905,Darin,,,,
906,Darius & Finlay,,,,
907,Dark Polo Gang,,,,
908,Darkiel,,,,
909,Darko Rundek,,,,
910,Darrell Story,,,,
911,Darshan Raval,,,,
912,Darude,,,,
913,Daryl Braithwaite,,,,
914,Daryl Hall & John Oates,,,,
915,Dash Berlin,,,,
916,Dashboard Confessional,,,,
917,Dastic,,,,
918,DatKaa,,,,
919,Daughtry,,,,
920,David Bisbal,,,,
921,David Gilmour,,,,
922,David Guetta,,,,
923,Davido,,,,
924,Daviles de Novelda,,,,
925,Davy,,,,
926,Dawid Kwiatkowski,,,,
927,Dawid Podsiadło,,,,
928,"Dawid, Artysta",,,,
929,Daya,,,,
930,Dayglow,,,,
931,Dayme y El High,,,,
932,Daði Freyr,,,,
933,De Jeugd Van Tegenwoordig,,,,
934,De La Ghetto,,,,
935,De La Rose,,,,
936,De Vet Du,,,,
937,DeBarge,,,,
938,DePol,,,,
939,DeWolff,,,,
940,Dead Poet Society,,,,
941,Deaf Kev,,,,
942,Dean Blunt,,,,
943,Dean Lewis,,,,
944,Dear Sunday,,,,
945,Death by Denim,,,,
946,Debris,,,,
947,December Avenue,,,,
948,Deejay Telio,,,,
949,Deep Jandu,,,,
950,Deep Purple,,,,
951,Deepthi Suresh,,,,
952,Deftones,,,,
953,Dehmo,,,,
954,Dei V,,,,
955,Deikirisy,,,,
956,Del Water Gap,,,,
957,Delaossa,,,,
958,Delara,,,,
959,Delta Sleep,,,,
960,Demando,,,,
961,Demarco Flamenco,,,,
962,Denis First,,,,
963,Denis Kenzo,,,,
964,Deniz Koyu,,,,
965,Deniz Tekin,,,,
966,Dennis Brown,,,,
967,Dennis Lloyd,,,,
968,Denom,,,,
969,Deorro,,,,
970,Depeche Mode,,,,
971,Deportees,,,,
972,Dept,,,,
973,Derby Motoreta’s Burrito Kachimba,,,,
974,Dermot Kennedy,,,,
975,Derya Bedavacı,,,,
976,Derya Uluğ,,,,
977,Des Rocs,,,,
978,Desmod,,,,
979,Despina Vandi,,,,
980,Despistaos,,,,
981,Dewo,,,,
982,Dhanda Nyoliwala,,,,
983,Dhibu Ninan Thomas,,,,
984,Dhruv,,,,
985,Dhurata Dora,,,,
986,Dhvani Bhanushali,,,,
987,Diamante Eléctrico,,,,
988,Diamond Eyes,,,,
989,Diana Gurtskaya,,,,
990,Diana Ross,,,,
991,Dido,,,,
992,Die Antwoord,,,,
993,Die Fantastischen Vier,,,,
994,Die Prinzen,,,,
995,Die Toten Hosen,,,,
996,Die Ärzte,,,,
997,Diego & Victor Hugo,,,,
998,Diego Torres,,,,
999,Different Heaven,,,,
1000,Diljit Dosanjh,,,,
1001,Dillistone,,,,
1002,Dillon Francis,,,,
1003,Dima Bilan,,,,
1004,Dimitri Vangelis & Wyman,,,,
1005,Dimitri Vegas,,,,
1006,Dimitri Vegas & Like Mike,,,,
1007,Dinos,,,,
1008,Diplo,,,,
1009,Dire Straits,,,,
1010,Direct,,,,
1011,Dirty Heads,,,,
1012,Dirty Honey,,,,
1013,Dirty Palm,,,,
1014,Dirty Porko,,,,
1015,Dirty Shirt,,,,
1016,Disclosure,,,,
1017,Disco Fries,,,,
1018,Diskoteka Avariya,,,,
1019,Distrion,,,,
1020,Disturbed,,,,
1021,Diviners,,,,
1022,Dizzy,,,,
1023,Dizzy Mizz Lizzy,,,,
1024,Dj Antonio,,,,
1025,Dj Jack&Sara Productions,,,,
1026,Dj Leska,,,,
1027,Dj Quba,,,,
1028,Dj Ralph Bb,,,,
1029,Dj Shark,,,,
1030,DjLy,,,,
1031,Djadja & Dinaz,,,,
1032,Djo,,,,
1033,Djordan,,,,
1034,Doda,,,,
1035,Doddy,,,,
1036,Dodo & the Dodos,,,,
1037,Dohatsuten,,,,
1038,Doja Cat,,,,
1039,Dollar Selmouni,,,,
1040,Dolphin,,,,
1041,Dolu Kadehi Ters Tut,,,,
1042,Dominic Fike,,,,
1043,Domiy,,,,
1044,Don Diablo,,,,
1045,Don Henley,,,,
1046,Don Omar,,,,
1047,Don Patricio,,,,
1048,Don Xhoni,,,,
1049,Donny Montell,,,,
1050,Dons,,,,
1051,Doozie,,,,
1052,Dopebwoy,,,,
1053,Dorian,,,,
1054,Dorothy,,,,
1055,Double MZK,,,,
1056,Douwe Bob,,,,
1057,Dove Cameron,,,,
1058,Doğu Swag,,,,
1059,Dr Misio,,,,
1060,Drago200,,,,
1061,Drake,,,,
1062,Drake White,,,,
1063,Dread Mar I,,,,
1064,Dreamville,,,,
1065,Dree Low,,,,
1066,DrefQuila,,,,
1067,Drenchill,,,,
1068,Dreweybear,,,,
1069,Drive of Daydreams,,,,
1070,Dropgun,,,,
1071,Dropkick Murphys,,,,
1072,Droplex,,,,
1073,Droptek,,,,
1074,Druha Rika,,,,
1075,Dua Lipa,,,,
1076,DubVision,,,,
1077,Dubdogz,,,,
1078,Duke Dumont,,,,
1079,Duki,,,,
1080,Duman,,,,
1081,Dumdum Boys,,,,
1082,Duncan Laurence,,,,
1083,Duran Duran,,,,
1084,Duster,,,,
1085,Dustin Lynch,,,,
1086,Dutty Dior,,,,
1087,Duumu,,,,
1088,Dwin,,,,
1089,Dylan Conrique,,,,
1090,Dylan Schneider,,,,
1091,Dylan Scott,,,,
1092,Dymytry,,,,
1093,Dymytry Paradox,,,,
1094,Dynazty,,,,
1095,Dynoro,,,,
1096,Dyro,,,,
1097,Dzeko,,,,
1098,Dzelzs Vilks,,,,
1099,Dzouns,,,,
1100,Dímelo Flow,,,,
1101,E-An-Na,,,,
1102,EASY EASY,,,,
1103,EAZ,,,,
1104,EDIS,,,,
1105,EDX,,,,
1106,EGOIST,,,,
1107,ELLEGARDEN,,,,
1108,ELMAN,,,,
1109,ELYELLA,,,,
1110,EMIN,,,,
1111,ENHYPEN,,,,
1112,ENKAY,,,,
1113,ENLEO,,,,
1114,EQRIC,,,,
1115,ERIK,,,,
1116,ERNEST,,,,
1117,EURINGER,,,,
1118,Eagles,,,,
1119,Eah Jé,,,,
1120,Eason Chan,,,,
1121,Ebe Dancel,,,,
1122,Ebru Gündeş,,,,
1123,Ebru Yaşar,,,,
1124,Echt,,,,
1125,Eclipse,,,,
1126,Ed Sheeran,,,,
1127,Eda Baba,,,,
1128,Eddie Vedder,,,,
1129,Eddy de Pretto,,,,
1130,Edgaras Lubys,,,,
1131,Efemero,,,,
1132,Egor Kreed,,,,
1133,Einár,,,,
1134,Eir Aoi,,,,
1135,Eix,,,,
1136,Ekipa,,,,
1137,El Alfa,,,,
1138,El Apostol,,,,
1139,El Barrio,,,,
1140,El Barto,,,,
1141,El Bugg,,,,
1142,El Clooy,,,,
1143,El Cuarteto De Nos,,,,
1144,El Daddy,,,,
1145,El Futuro Fuera De Orbita,,,,
1146,El Greco,,,,
1147,El Haragán y Compañía,,,,
1148,El Jhota,,,,
1149,El Jordan 23,,,,
1150,El Kanka,,,,
1151,El Kuelgue,,,,
1152,El Malilla,,,,
1153,El Plan De La Mariposa,,,,
1154,El Popo,,,,
1155,El Rey,,,,
1156,El Virtual,,,,
1157,El Zar,,,,
1158,Ela Taubert,,,,
1159,Eladio Carrion,,,,
1160,Elaine,,,,
1161,Elayork,,,,
1162,Eldzhey,,,,
1163,Ele A El Dominio,,,,
1164,Electric Light Orchestra,,,,
1165,Electro-Light,,,,
1166,Electroforez,,,,
1167,Elefánt,,,,
1168,Elektronomia,,,,
1169,Element,,,,
1170,ElementD,,,,
1171,Elemental,,,,
1172,Eleni Foureira,,,,
1173,Eli Young Band,,,,
1174,Elisa,,,,
1175,Elissa,,,,
1176,Elita 5,,,,
1177,Elji Beatzkilla,,,,
1178,Ella Augusta,,,,
1179,Ella Henderson,,,,
1180,Ella Langley,,,,
1181,Ella Mai,,,,
1182,Elle King,,,,
1183,Ellen Krauss,,,,
1184,Ellen Kristjánsdóttir,,,,
1185,Ellie Goulding,,,,
1186,Ellinoora,,,,
1187,Elodie,,,,
1188,Els Catarres,,,,
1189,Elton John,,,,
1190,Elvis Presley,,,,
1191,Elyanna,,,,
1192,Elán,,,,
1193,Embody,,,,
1194,Embusteros,,,,
1195,Emcee L (Da LAB),,,,
1196,Emelie Hollow,,,,
1197,Emil Assergård,,,,
1198,Emil Stabil,,,,
1199,Emilia,,,,
1200,Emilie Nicolas,,,,
1201,Eminence,,,,
1202,Emir Can İğrek,,,,
1203,Emma Heesters,,,,
1204,Emma Peters,,,,
1205,Emma Steinbakken,,,,
1206,Emmanuel Horvilleur,,,,
1207,Emmsjé Gauti,,,,
1208,Empire Of The Sun,,,,
1209,Emrah Turken,,,,
1210,En Vogue,,,,
1211,Enca,,,,
1212,Enej,,,,
1213,Enjambre,,,,
1214,Enrique Iglesias,,,,
1215,Enter,,,,
1216,Enter Shikari,,,,
1217,Ephixa,,,,
1218,Epolets,,,,
1219,Ergo Pro,,,,
1220,Eric Benét,,,,
1221,Eric Clapton,,,,
1222,Eric Prydz,,,,
1223,Erika Lundmoen,,,,
1224,Erika Vikman,,,,
1225,Erin Kinsey,,,,
1226,Erlend Ropstad,,,,
1227,Ernia,,,,
1228,Ersay Üner,,,,
1229,Eskitilmiş Yaz,,,,
1230,Esteman,,,,
1231,Eva Timush,,,,
1232,Evdeki Saat,,,,
1233,Eve,,,,
1234,Everybody Loves an Outlaw,,,,
1235,Everything Everything,,,,
1236,Evgenya Redko,,,,
1237,Eyedress,,,,
1238,Eypio,,,,
1239,Ezra Hazard,,,,
1240,F.HERO,,,,
1241,FARIANA,,,,
1242,FAST BOY,,,,
1243,FAVE,,,,
1244,FIFTY FIFTY,,,,
1245,FILIPPA,,,,
1246,FINNEAS,,,,
1247,FIЇNKA,,,,
1248,FLVCKKA,,,,
1249,FREEHAND,,,,
1250,FTISLAND,,,,
1251,FUFU,,,,
1252,Fabolous,,,,
1253,Fabri Fibra,,,,
1254,Fadel Chaker,,,,
1255,Faheem Abdullah,,,,
1256,Fairlane,,,,
1257,Faith Evans,,,,
1258,Fall Out Boy,,,,
1259,Familjen,,,,
1260,Fancy Cars,,,,
1261,Fancy Floss,,,,
1262,Fantasia,,,,
1263,Fantastic Negrito,,,,
1264,Far Out,,,,
1265,Fara Zahar,,,,
1266,Farba,,,,
1267,Farid,,,,
1268,Faridkot,,,,
1269,Farruko,,,,
1270,Father John Misty,,,,
1271,Fatma Turgut,,,,
1272,Favé,,,,
1273,Faye Webster,,,,
1274,Fedde Le Grand,,,,
1275,Fedez,,,,
1276,Feed Me,,,,
1277,Feenixpawl,,,,
1278,Feid,,,,
1279,Feist,,,,
1280,Felix Cartal,,,,
1281,Felix Harrer,,,,
1282,Felix Jaehn,,,,
1283,Fernandinho,,,,
1284,Feu! Chatterton,,,,
1285,Feuerschwanz,,,,
1286,Figo i Samogony,,,,
1287,Filatov & Karas,,,,
1288,Film,,,,
1289,Finger Eleven,,,,
1290,Fiolet,,,,
1291,Fiona Apple,,,,
1292,Firebeatz,,,,
1293,Fireboy DML,,,,
1294,First Anuwat,,,,
1295,Fito y Fitipaldis,,,,
1296,Fitz and The Tantrums,,,,
1297,Flakkë,,,,
1298,Fleet Foxes,,,,
1299,Fleret,,,,
1300,Florence + The Machine,,,,
1301,Florian Picasso,,,,
1302,Florida Georgia Line,,,,
1303,FlowZeta,,,,
1304,Flowtiago,,,,
1305,Flume,,,,
1306,Flux Pavilion,,,,
1307,Flying Saucer Gang,,,,
1308,Flyte,,,,
1309,Foals,,,,
1310,Foghat,,,,
1311,Folkeklubben,,,,
1312,Fondo Flamenco,,,,
1313,Fonseca,,,,
1314,Fontaines D.C.,,,,
1315,Foo Fighters,,,,
1316,Foreign Air,,,,
1317,Foreign Teck,,,,
1318,Foreigner,,,,
1319,Forest Blakk,,,,
1320,Foster The People,,,,
1321,Fourtwnty,,,,
1322,Foyone,,,,
1323,Frah Quintale,,,,
1324,Fran El Niño,,,,
1325,Fran y Nico,,,,
1326,Francesco Gabbani,,,,
1327,"Francisco, el Hombre",,,,
1328,Franco126,,,,
1329,Francois van Coke,,,,
1330,Franglish,,,,
1331,Fred De Palma,,,,
1332,Fred again..,,,,
1333,Freddie Mercury,,,,
1334,Freddy Kalas,,,,
1335,Free Finga,,,,
1336,Freeze corleone,,,,
1337,Frej Larsson,,,,
1338,Frenna,,,,
1339,Freya Ridings,,,,
1340,Friday Pilots Club,,,,
1341,Friðrik Dór,,,,
1342,From Ashes to New,,,,
1343,Froro,,,,
1344,Froukje,,,,
1345,Fruit Bats,,,,
1346,Fujifabric,,,,
1347,Fujii Kaze,,,,
1348,Full Trunk,,,,
1349,Fulminacci,,,,
1350,Fun Mode,,,,
1351,Fundyy,,,,
1352,Funkstar De Luxe,,,,
1353,G&G Sindikatas,,,,
1354,G-Eazy,,,,
1355,G. V. Prakash,,,,
1356,G1ocatore,,,,
1357,GACEK,,,,
1358,GAMMAL,,,,
1359,GANGGA,,,,
1360,GATTÜSO,,,,
1361,GAVRILINA,,,,
1362,GAYAZOV$ BROTHER$,,,,
1363,GAYLE,,,,
1364,GDRN,,,,
1365,GENZIE,,,,
1366,GFRIEND,,,,
1367,GIMS,,,,
1368,GING NANG BOYZ,,,,
1369,GIULIA BE,,,,
1370,GJan,,,,
1371,GLK,,,,
1372,GOLDHOUSE,,,,
1373,GOLEC UORKIESTRA,,,,
1374,GRECAS,,,,
1375,GREY D,,,,
1376,GSPD,,,,
1377,Gabe,,,,
1378,Gaboro,,,,
1379,Gabriel & Dresden,,,,
1380,Gabrielius Vagelis,,,,
1381,Gabrielle,,,,
1382,Gabrielė Vilkickytė,,,,
1383,Gaby Music,,,,
1384,Gaho,,,,
1385,Galantis,,,,
1386,Galee Galee,,,,
1387,Galena,,,,
1388,Galvan Real,,,,
1389,Gambi,,,,
1390,Gambino,,,,
1391,Ganso,,,,
1392,Garbage,,,,
1393,Gareth Emery,,,,
1394,Garry Sandhu,,,,
1395,Gary Moore,,,,
1396,Gaullin,,,,
1397,Gavin Adcock,,,,
1398,Gavin Moss,,,,
1399,Gawryle,,,,
1400,Gazo,,,,
1401,Gazzelle,,,,
1402,Gaël Faye,,,,
1403,Gaëtan Roussel,,,,
1404,Geegun,,,,
1405,Generación 12,,,,
1406,Genio La Musa,,,,
1407,Geolier,,,,
1408,George Ezra,,,,
1409,George Henrique & Rodrigo,,,,
1410,George Wassouf,,,,
1411,Gepe,,,,
1412,Gerald Le Funk,,,,
1413,Gerald Levert,,,,
1414,Gerry Cinnamon,,,,
1415,Gesu No Kiwami Otome,,,,
1416,Getdown Services,,,,
1417,Ghali,,,,
1418,Ghetto Kids,,,,
1419,Ghost,,,,
1420,GhostDragon,,,,
1421,Gian Marco,,,,
1422,Gibonni,,,,
1423,Giedrė,,,,
1424,Gigi Perez,,,,
1425,Gigolo Y La Exce,,,,
1426,Gilli,,,,
1427,Ginebras,,,,
1428,Ginestà,,,,
1429,Gino Mella,,,,
1430,Ginuwine,,,,
1431,Giorgos Kakosaios,,,,
1432,Giorgos Mazonakis,,,,
1433,Gjesti,,,,
1434,Glacier,,,,
1435,Glass Animals,,,,
1436,Glen Campbell,,,,
1437,Gloria Groove,,,,
1438,Glory,,,,
1439,Gluecifer,,,,
1440,Go_A,,,,
1441,Goblini,,,,
1442,Gobs,,,,
1443,Going Deeper,,,,
1444,Goldband,,,,
1445,Golden Earring,,,,
1446,Gonzy,,,,
1447,Goodbye June,,,,
1448,Goran Karan,,,,
1449,Gorillaz,,,,
1450,Gorka Urbizu,,,,
1451,Goth Babe,,,,
1452,Govind Vasantha,,,,
1453,Gradur,,,,
1454,Gradusy,,,,
1455,Grand Corps Malade,,,,
1456,Grandma's Smuzi,,,,
1457,Grazhdanskaya Oborona,,,,
1458,Greeicy,,,,
1459,Greekazo,,,,
1460,Green Apelsin,,,,
1461,Green Cookie,,,,
1462,Green Day,,,,
1463,Green Montana,,,,
1464,Gregory Alan Isakov,,,,
1465,Greta Van Fleet,,,,
1466,Grey,,,,
1467,Grimes,,,,
1468,Gripin,,,,
1469,Groove Delight,,,,
1470,Gruppa Skryptonite,,,,
1471,Gryffin,,,,
1472,Guaynaa,,,,
1473,Guitarricadelafuente,,,,
1474,Guldimund,,,,
1475,Guns N' Roses,,,,
1476,Guri,,,,
1477,Gurnam Bhullar,,,,
1478,Gurnazar,,,,
1479,GusGus,,,,
1480,Gustavo Pena - El Príncipe,,,,
1481,Guy Didden,,,,
1482,Guy2Bezbar,,,,
1483,Guè,,,,
1484,Gušti,,,,
1485,Gyakie,,,,
1486,Gytis Paškevičius,,,,
1487,Gåte,,,,
1488,Gökhan Türkmen,,,,
1489,Gülden,,,,
1490,Gülşen,,,,
1491,H Roto,,,,
1492,H.E.A.T,,,,
1493,HANNA,,,,
1494,HARDY,,,,
1495,HAVAL,,,,
1496,HEALTH,,,,
1497,HENSY,,,,
1498,HEY-SMITH,,,,
1499,HIDDN,,,,
1500,HIEUTHUHAI,,,,
1501,HIMALAYAS,,,,
1502,HIXTAPE,,,,
1503,HUGORM,,,,
1504,HUMBE,,,,
1505,HWASA,,,,
1506,Ha*Ash,,,,
1507,Hachioji P,,,,
1508,Hades66,,,,
1509,Hadise,,,,
1510,Haggefugg,,,,
1511,Hagle,,,,
1512,Haifa Wehbe,,,,
1513,Hakan Akkus,,,,
1514,Halcyon,,,,
1515,Hallelujah Chicken Run Band,,,,
1516,Haller,,,,
1517,Haloo Helsinki!,,,,
1518,Halsey,,,,
1519,Halva Priset,,,,
1520,"Hamilton, Joe Frank & Reynolds",,,,
1521,HammAli & Navai,,,,
1522,Hamo Bika,,,,
1523,Hamza,,,,
1524,Hamza Namira,,,,
1525,Hande Ünsal,,,,
1526,Hanna Ferm,,,,
1527,Hans Philip,,,,
1528,Hansraj Raghuwanshi,,,,
1529,Happoradio,,,,
1530,Happysad,,,,
1531,Hardwell,,,,
1532,Harnoor,,,,
1533,Harpyie,,,,
1534,Harrdy Sandhu,,,,
1535,Harry Nach,,,,
1536,Harry Styles,,,,
1537,Harvey Danger,,,,
1538,Hassan Shakosh,,,,
1539,Hatari,,,,
1540,Hatik,,,,
1541,Haydamaky,,,,
1542,Hayden James,,,,
1543,Hayes & Y,,,,
1544,Hayko Cepkin,,,,
1545,Haze,,,,
1546,He Is We,,,,
1547,Heize,,,,
1548,Heldeus,,,,
1549,Hellberg,,,,
1550,Hellbillies,,,,
1551,Henri PFR,,,,
1552,Henrik,,,,
1553,Henry Moodie,,,,
1554,Herbert Guðmundsson,,,,
1555,Herencia de Timbiqui,,,,
1556,Herman Flesvig,,,,
1557,Herra Hnetusmjör,,,,
1558,Heuse,,,,
1559,Heuss L'enfoiré,,,,
1560,Hey,,,,
1561,Heľenine Oči,,,,
1562,Hi! Spencer,,,,
1563,High Valley,,,,
1564,Highasakite,,,,
1565,Highly Suspect,,,,
1566,Hikaru Utada,,,,
1567,Hiperbolė,,,,
1568,Hiphop Tamizha,,,,
1569,Hippie Sabotage,,,,
1570,Hipsumhaps,,,,
1571,Hitorie,,,,
1572,Hitsujibungaku,,,,
1573,Hiền Hồ,,,,
1574,Hjalmer,,,,
1575,Hjaltalín,,,,
1576,Hkeem,,,,
1577,Hoa Vinh,,,,
1578,Hockey Dad,,,,
1579,Hogland,,,,
1580,Hoke,,,,
1581,Hollywood Undead,,,,
1582,Holy Molly,,,,
1583,Hombres G,,,,
1584,HoneyWorks,,,,
1585,Honningbarna,,,,
1586,Hoobastank,,,,
1587,Hooja,,,,
1588,Horkýže Slíže,,,,
1589,Hoshi,,,,
1590,Hotel Ugly,,,,
1591,Houari,,,,
1592,Houndmouth,,,,
1593,House Of Pain,,,,
1594,Hov1,,,,
1595,Hoved,,,,
1596,Hozier,,,,
1597,Hozwal,,,,
1598,Hoà Minzy,,,,
1599,Hoàng Thùy Linh,,,,
1600,Hoàng Tôn,,,,
1601,Humbreaders,,,,
1602,Hunter Hayes,,,,
1603,Huora,,,,
1604,HuyR,,,,
1605,Hà Nhi,,,,
1606,Hämatom,,,,
1607,Håkan Hellström,,,,
1608,I AM THEY,,,,
1609,I.M.T. Smile,,,,
1610,ICEKIID,,,,
1611,ICON,,,,
1612,ILLENIUM,,,,
1613,ILLIT,,,,
1614,IN-K,,,,
1615,INGEK,,,,
1616,INNA,,,,
1617,IRA,,,,
1618,IRAIDA,,,,
1619,ISK,,,,
1620,ITCHY,,,,
1621,ITHAN NY,,,,
1622,ITZY,,,,
1623,IU,,,,
1624,IV Of Spades,,,,
1625,IVE,,,,
1626,IZ*ONE,,,,
1627,IZAL,,,,
1628,Ian Gillan,,,,
1629,Ian Storm,,,,
1630,Ichika Nito,,,,
1631,Ida Laurberg,,,,
1632,Igo,,,,
1633,Il Volo,,,,
1634,Ilias Vrettos,,,,
1635,Ilkan Gunuc,,,,
1636,Ilkay Sencan,,,,
1637,Ill Pekeño,,,,
1638,Ilse DeLange,,,,
1639,Imagine Dragons,,,,
1640,Imanbek,,,,
1641,In Extremo,,,,
1642,In Flames,,,,
1643,Indara,,,,
1644,Inder Chahal,,,,
1645,India Martinez,,,,
1646,India.Arie,,,,
1647,Indila,,,,
1648,Indios,,,,
1649,Indochine,,,,
1650,Ingenting,,,,
1651,Ingi Bauer,,,,
1652,Ingratax,,,,
1653,Ingrid Andress,,,,
1654,Ingó Veðurguð,,,,
1655,Ink Waruntorn,,,,
1656,Inspector Spacetime,,,,
1657,Instrumenti,,,,
1658,Intergalactic Lovers,,,,
1659,Internet Money,,,,
1660,Inward Universe,,,,
1661,Inzul,,,,
1662,Iné Kafe,,,,
1663,Ioulia Kallimani,,,,
1664,Ir Sais,,,,
1665,Irama,,,,
1666,Irina Barros,,,,
1667,Irina Dubtsova,,,,
1668,Irina Kairatovna,,,,
1669,Irina Rimes,,,,
1670,Iris,,,,
1671,Iron Maiden,,,,
1672,Isac Elliot,,,,
1673,Isah,,,,
1674,Israel B,,,,
1675,Ivan & The Parazol,,,,
1676,Ivi Adamou,,,,
1677,Izïa,,,,
1678,J Abdiel,,,,
1679,J Abecia,,,,
1680,J Alvarez,,,,
1681,J Balvin,,,,
1682,J.B.O.,,,,
1683,JACKBOYS,,,,
1684,JAE5,,,,
1685,JANNABI,,,,
1686,JAWNY,,,,
1687,JB,,,,
1688,JC Reyes,,,,
1689,JC el Diamante,,,,
1690,JEREMIAS,,,,
1691,JERRY,,,,
1692,JETFIRE,,,,
1693,JHAYCO,,,,
1694,JID,,,,
1695,JJ,,,,
1696,JJ Wilde,,,,
1697,JJD,,,,
1698,JONY,,,,
1699,JORIS,,,,
1700,JOYRYDE,,,,
1701,JP Cooper,,,,
1702,JP Saxe,,,,
1703,JPB,,,,
1704,JSOL,,,,
1705,JVG,,,,
1706,JVKE,,,,
1707,Jaani,,,,
1708,Jack - J97,,,,
1709,Jack Black,,,,
1710,Jack Harlow,,,,
1711,Jack White,,,,
1712,Jack Wins,,,,
1713,Jacob Aksglæde,,,,
1714,Jah Khalib,,,,
1715,Jaheim,,,,
1716,Jain,,,,
1717,Jairo Vera,,,,
1718,Jairzinho,,,,
1719,Jake Bugg,,,,
1720,Jamaika,,,,
1721,Jamala,,,,
1722,Jamby El Favo,,,,
1723,James Arthur,,,,
1724,James Hype,,,,
1725,James Mercy,,,,
1726,James TW,,,,
1727,Jameson Rodgers,,,,
1728,Jamie Foxx,,,,
1729,Jamie Miller,,,,
1730,Jan Blohm,,,,
1731,Jan Smit,,,,
1732,Jane Remover,,,,
1733,Janet Jackson,,,,
1734,Janine,,,,
1735,Janji,,,,
1736,Jannika B,,,,
1737,Janove,,,,
1738,Japanese Breakfast,,,,
1739,Jarabe De Palo,,,,
1740,Jarfaiter,,,,
1741,Jaromir Nohavica,,,,
1742,Jasleen Royal,,,,
1743,Jasmine Sandlas,,,,
1744,Jason Aldean,,,,
1745,Jason Derulo,,,,
1746,Jason Isbell and the 400 Unit,,,,
1747,Jason Ross,,,,
1748,Jason Thurell,,,,
1749,Jasper Steverlinck,,,,
1750,Jass Manak,,,,
1751,Jassa Dhillon,,,,
1752,Jasted,,,,
1753,Jauz,,,,
1754,Javed-Mohsin,,,,
1755,Javiielo,,,,
1756,Jawsh 685,,,,
1757,Jax Jones,,,,
1758,Jay Aliyev,,,,
1759,Jay Chou,,,,
1760,Jay Hardway,,,,
1761,Jay Menez,,,,
1762,Jay Smith,,,,
1763,Jay Wheeler,,,,
1764,JayKii,,,,
1765,Jayo Brudjez,,,,
1766,Jazmine Sullivan,,,,
1767,Jazzu,,,,
1768,Jazzy,,,,
1769,Jd Pantoja,,,,
1770,JdM,,,,
1771,Jean-Louis Aubert,,,,
1772,Jeck,,,,
1773,Jeff Satur,,,,
1774,Jelly Roll,,,,
1775,Jenifer,,,,
1776,Jenil,,,,
1777,Jenni Vartiainen,,,,
1778,Jennifer Lopez,,,,
1779,Jeremih,,,,
1780,Jeremy Camp,,,,
1781,Jeremy Loops,,,,
1782,Jeremy Zucker,,,,
1783,Jerry Di,,,,
1784,Jerry Heil,,,,
1785,Jerry Lee Lewis,,,,
1786,Jesse & Joy,,,,
1787,Jessica Audiffred,,,,
1788,Jessica Shy,,,,
1789,Jessie Murph,,,,
1790,Jesús Adrián Romero,,,,
1791,Jet Black Diamonds,,,,
1792,Jim Yosef,,,,
1793,Jimilian,,,,
1794,Jimin,,,,
1795,Jimmie Allen,,,,
1796,Jimmy Humilde,,,,
1797,Jin,,,,
1798,Jireel,,,,
1799,Joakim Lundell,,,,
1800,Joan Osborne,,,,
1801,Joana Santos,,,,
1802,Joe Buck,,,,
1803,Joe Stone,,,,
1804,Joel Corry,,,,
1805,Joey Montana,,,,
1806,Joey Valence & Brae,,,,
1807,Johannes Oerding,,,,
1808,John Anderson,,,,
1809,John Dahlbäck,,,,
1810,John Legend,,,,
1811,John Lennon,,,,
1812,John Pollõn,,,,
1813,John Wolfhooker,,,,
1814,Johnning,,,,
1815,Johnossi,,,,
1816,Joji,,,,
1817,Jok'air,,,,
1818,Jombriel,,,,
1819,Jon Pardi,,,,
1820,Jon Ranes,,,,
1821,Jon Z,,,,
1822,Jonah Blacksmith,,,,
1823,Jonah Kagen,,,,
1824,Jonas Aden,,,,
1825,Jonas Benyoub,,,,
1826,Jonas Blue,,,,
1827,Jonas Brothers,,,,
1828,Jonasu,,,,
1829,Joni Mitchell,,,,
1830,Jordan Feliz,,,,
1831,Jordan Sandhu,,,,
1832,Jordana,,,,
1833,Jorge Leo & Atrato River,,,,
1834,Jorge Luis Chacin,,,,
1835,Jorn,,,,
1836,Jory Boy,,,,
1837,Joseph Kamel,,,,
1838,Josh Meloy,,,,
1839,Josh Ross,,,,
1840,Josh Wilson,,,,
1841,Josiah and the Bonnevilles,,,,
1842,Josman,,,,
1843,Jossef,,,,
1844,Jossimar,,,,
1845,Josue Rarujo,,,,
1846,José González,,,,
1847,José Pinhal,,,,
1848,José Rey,,,,
1849,Jota Quest,,,,
1850,Jotaerre,,,,
1851,Journey,,,,
1852,Jovani,,,,
1853,Jovanotti,,,,
1854,Jowell & Randy,,,,
1855,Joyce,,,,
1856,Joyce Santana,,,,
1857,Juan Duque,,,,
1858,Juan Luis Guerra 4.40,,,,
1859,Juan Magán,,,,
1860,Juancho Marqués,,,,
1861,Juanes,,,,
1862,Juanfran,,,,
1863,Juanka,,,,
1864,Judas Priest,,,,
1865,Judeline,,,,
1866,Juhn,,,,
1867,Juicy Luicy,,,,
1868,Juicy M,,,,
1869,Jul,,,,
1870,Juli,,,,
1871,Julia Michaels,,,,
1872,Julia Wieniawa,,,,
1873,Julian Jordan,,,,
1874,Julianno Sosa,,,,
1875,Julieta Venegas,,,,
1876,Juliette Armanet,,,,
1877,Juncker,,,,
1878,Jung,,,,
1879,Jung Kook,,,,
1880,Junior Brielle,,,,
1881,Juno,,,,
1882,JustaTee,,,,
1883,Justin Bieber,,,,
1884,Justin Caruso,,,,
1885,Justin Mylo,,,,
1886,Justin Quiles,,,,
1887,Justin Wellington,,,,
1888,Justinas Jarutis,,,,
1889,Jxggi,,,,
1890,Jérémy Frerot,,,,
1891,JóiPé,,,,
1892,Jón Jónsson,,,,
1893,K-391,,,,
1894,K-Ci & JoJo,,,,
1895,K. Michelle,,,,
1896,K.Flay,,,,
1897,K27,,,,
1898,KAFVKA,,,,
1899,KAI,,,,
1900,KALEO,,,,
1901,KALUSH,,,,
1902,KANA-BOON,,,,
1903,KAROL G,,,,
1904,KATSEYE,,,,
1905,KAZKA,,,,
1906,KAnDIs,,,,
1907,KDRR,,,,
1908,KEAN DYSSO,,,,
1909,KEPIK,,,,
1910,KESI,,,,
1911,KEVIN ROLDAN,,,,
1912,KEVVO,,,,
1913,KHEA,,,,
1914,KIDD,,,,
1915,KISS OF LIFE,,,,
1916,KO KO MO,,,,
1917,KOLA,,,,
1918,KOMU VNYZ,,,,
1919,KOSMOPOLIS,,,,
1920,KREAM,,,,
1921,KRTDZ,,,,
1922,KSHMR,,,,
1923,KSUKE,,,,
1924,KUMMER,,,,
1925,KUUMAA,,,,
1926,KVSH,,,,
1927,KYANOS,,,,
1928,Ka2,,,,
1929,Kaan Boşnak,,,,
1930,Kaan Pars,,,,
1931,Kaan Tangöze,,,,
1932,Kaaris,,,,
1933,Kaavish,,,,
1934,Kabasaki,,,,
1935,Kabát,,,,
1936,Kacper Blonsky,,,,
1937,Kage,,,,
1938,Kahraman Deniz,,,,
1939,Kai Đinh,,,,
1940,Kaifi Khalil,,,,
1941,Kaija Koo,,,,
1942,Kairat Nurtas,,,,
1943,Kairikibear,,,,
1944,Kaizers Orchestra,,,,
1945,Kaka,,,,
1946,Kalash,,,,
1947,Kalash Criminel,,,,
1948,Kalben,,,,
1949,Kali Uchis,,,,
1950,Kalita del Sur,,,,
1951,Kamazz,,,,
1952,Kamelen,,,,
1953,Kamil Bednarek,,,,
1954,Kamuran Akkor,,,,
1955,Kany García,,,,
1956,Kapil Kapilan,,,,
1957,Kapla y Miky,,,,
1958,Karakoram,,,,
1959,Karakou,,,,
1960,Karališka Erdvė,,,,
1961,Karan Aujla,,,,
1962,Karan Randhawa,,,,
1963,Karan Sehmbi,,,,
1964,Karbeats,,,,
1965,Karencitta,,,,
1966,Kari Jobe,,,,
1967,Karik,,,,
1968,Karl-Erik Taukar,,,,
1969,Karna.val,,,,
1970,Karpe,,,,
1971,Karra,,,,
1972,Karsu,,,,
1973,Kasbo,,,,
1974,Kasi,,,,
1975,Kaskade,,,,
1976,Kaspiyskiy Gruz,,,,
1977,Kasta,,,,
1978,Katastrofe,,,,
1979,Katerina Lioliou,,,,
1980,Kateřina Marie Tichá,,,,
1981,Katinka Band,,,,
1982,Katri Ylander,,,,
1983,Katy Perry,,,,
1984,Kaukázus,,,,
1985,Kaushik-Guddu,,,,
1986,Kaya Brüel,,,,
1987,Kaydy Cain,,,,
1988,Kaza,,,,
1989,Kaze,,,,
1990,Kazzabe,,,,
1991,Kaśka Sochacka,,,,
1992,Ke Personajes,,,,
1993,KeBlack,,,,
1994,Keane,,,,
1995,Keen Levy,,,,
1996,Kehlani,,,,
1997,Keith Sweat,,,,
1998,Keityn,,,,
1999,Kem,,,,
2000,Kemal Monteno,,,,
2001,Ken Takano,,,,
2002,Kendimden Hallice,,,,
2003,Kendji Girac,,,,
2004,Kenia Os,,,,
2005,Kenshi Yonezu,,,,
2006,Kensington,,,,
2007,Kenya Grace,,,,
2008,Kerber,,,,
2009,Kerchak,,,,
2010,Kesh,,,,
2011,Kesha,,,,
2012,Kevin,,,,
2013,Kevin AMF,,,,
2014,Keys N Krates,,,,
2015,Keyshia Cole,,,,
2016,Kha,,,,
2017,Khaled,,,,
2018,Khalid,,,,
2019,Khaly Angel,,,,
2020,Khan Bhaini,,,,
2021,Khrystyna Soloviy,,,,
2022,Kid Cudi,,,,
2023,Kidd Keo,,,,
2024,Kidd Voodoo,,,,
2025,Kidda,,,,
2026,Kiddtetoon,,,,
2027,Kiesza,,,,
2028,Kike & Manu,,,,
2029,Kiko Franco,,,,
2030,Kill The Noise,,,,
2031,Kim Feel,,,,
2032,Kim Loaiza,,,,
2033,Kim Petras,,,,
2034,Kimik,,,,
2035,Kindred The Family Soul,,,,
2036,King,,,,
2037,King Gnu,,,,
2038,King Savagge,,,,
2039,King Stingray,,,,
2040,Kingdom Come,,,,
2041,Kings,,,,
2042,Kings of Leon,,,,
2043,Kinky Bwoy,,,,
2044,Kino,,,,
2045,Kip Moore,,,,
2046,Kirli,,,,
2047,Kiro Akiyama,,,,
2048,Kisma,,,,
2049,Kizz Daniel,,,,
2050,Kjartan Lauritzen,,,,
2051,Klamydia,,,,
2052,Klangkarussell,,,,
2053,Klara Hammarström,,,,
2054,Klava Koka,,,,
2055,Klavdia Petrivna,,,,
2056,Kleks,,,,
2057,Klingande,,,,
2058,Klovner I Kamp,,,,
2059,Knife Party,,,,
2060,Knogjärn,,,,
2061,KnyaZz,,,,
2062,Koba LaD,,,,
2063,Kodaline,,,,
2064,Koe Wetzel,,,,
2065,Kola Man,,,,
2066,Kolpa,,,,
2067,Komsomolsk,,,,
2068,Konstantinos Argiros,,,,
2069,Kontra K,,,,
2070,Kore,,,,
2071,Korn,,,,
2072,Korol i Shut,,,,
2073,Korál,,,,
2074,Kovan,,,,
2075,Kozak System,,,,
2076,Kraftklub,,,,
2077,Krale,,,,
2078,Krematorij,,,,
2079,Krewella,,,,
2080,Krezip,,,,
2081,Kris Floyd,,,,
2082,Kris Kross Amsterdam,,,,
2083,Krisko,,,,
2084,Kristi Brud,,,,
2085,Kristian Kristensen,,,,
2086,Kryštof,,,,
2087,Krzysztof Zalewski,,,,
2088,Kubilay Karça,,,,
2089,Kult,,,,
2090,Kumi,,,,
2091,Kungs,,,,
2092,Kushagra,,,,
2093,Kvelertak,,,,
2094,Kwiat Jabłoni,,,,
2095,Kyd the Band,,,,
2096,Kygo,,,,
2097,Kylie Minogue,,,,
2098,Kyo,,,,
2099,KÖFN,,,,
2100,Kávészünet,,,,
2101,Käärijä,,,,
2102,L'haine,,,,
2103,L.A.X,,,,
2104,L2B,,,,
2105,LADIPOE,,,,
2106,LAGOS,,,,
2107,LANDOKMAI,,,,
2108,LANY,,,,
2109,LATIN MAFIA,,,,
2110,LBI利比,,,,
2111,LE SSERAFIM,,,,
2112,LEA,,,,
2113,LECADE,,,,
2114,LEGEND EFFECT,,,,
2115,LEOWI,,,,
2116,LFAM,,,,
2117,LFZ,,,,
2118,LILA,,,,
2119,LIONE,,,,
2120,LISA,,,,
2121,LIT killah,,,,
2122,LOBODA,,,,
2123,LOCASH,,,,
2124,LODATO,,,,
2125,LOUTA,,,,
2126,LSP,,,,
2127,LSR/CITY,,,,
2128,LUNA KI,,,,
2129,LVNDSCAPE,,,,
2130,La Brigida Orquesta,,,,
2131,La Cebolla,,,,
2132,La Doble M,,,,
2133,La Femme,,,,
2134,La Fuente,,,,
2135,La La Love You,,,,
2136,La Loquera,,,,
2137,La Maravillosa Orquesta del Alcohol,,,,
2138,La Mosca,,,,
2139,La Oreja de Van Gogh,,,,
2140,La Raíz,,,,
2141,La Rebe,,,,
2142,La T y La M,,,,
2143,La Zowi,,,,
2144,LaStreet,,,,
2145,Labrinth,,,,
2146,Lacrim,,,,
2147,Lacuna,,,,
2148,Laddi Chahal,,,,
2149,Lady Gaga,,,,
2150,Lady Pank,,,,
2151,Lah Pat,,,,
2152,Laidback Luke,,,,
2153,Laika Suns,,,,
2154,Lainey Wilson,,,,
2155,Lake Street Dive,,,,
2156,Lakhwinder Wadali,,,,
2157,Laleh,,,,
2158,Lalo Ebratt,,,,
2159,Lamin,,,,
2160,Lamis Kan,,,,
2161,Lana Del Rey,,,,
2162,Lanberry,,,,
2163,Landis,,,,
2164,Landy,,,,
2165,Lankum,,,,
2166,Larry Gaaga,,,,
2167,Lars Erik Blokkhus,,,,
2168,Lars Winnerbäck,,,,
2169,Lary Over,,,,
2170,Las Chuches,,,,
2171,Las Ligas Menores,,,,
2172,Las Pastillas del Abuelo,,,,
2173,Lasso,,,,
2174,Latroit,,,,
2175,Laura Branigan,,,,
2176,Laura Brehm,,,,
2177,Laura day romance,,,,
2178,Laura van Dam,,,,
2179,Laurell,,,,
2180,Lauren Daigle,,,,
2181,Lauri Tähkä,,,,
2182,Laurie Darmon,,,,
2183,Lauv,,,,
2184,Lazza,,,,
2185,Le Dib,,,,
2186,Le P,,,,
2187,Leat'eq,,,,
2188,Ledisi,,,,
2189,Lee Brice,,,,
2190,LeeHi,,,,
2191,Leebrian,,,,
2192,Leela James,,,,
2193,Leina,,,,
2194,Leiva,,,,
2195,Lele Pons,,,,
2196,Lena Zevgara,,,,
2197,Lena d’Água,,,,
2198,Lenine,,,,
2199,Leningrad,,,,
2200,Lenny Kravitz,,,,
2201,Lenny Tavárez,,,,
2202,Leon James,,,,
2203,Leon Leiden,,,,
2204,Leon Somov,,,,
2205,Leonardo Lamacchia,,,,
2206,Leony,,,,
2207,Les Cowboys Fringants,,,,
2208,Lesha Svik,,,,
2209,Leto,,,,
2210,Letters to Lions,,,,
2211,Level 42,,,,
2212,Lewis Capaldi,,,,
2213,Lewis OfMan,,,,
2214,León Bravo,,,,
2215,LiSA,,,,
2216,Liam Payne,,,,
2217,Liderj,,,,
2218,Like Mike,,,,
2219,Lil Durk,,,,
2220,Lil Kesh,,,,
2221,Lil' Kim,,,,
2222,Lilas,,,,
2223,Lilas ir Innomine,,,,
2224,Lillasyster,,,,
2225,Lilly Wood and The Prick,,,,
2226,Lim Jae Hyun,,,,
2227,Lime Cordiale,,,,
2228,Limp Bizkit,,,,
2229,Lin Pesto,,,,
2230,Linh,,,,
2231,Linius,,,,
2232,Linkin Park,,,,
2233,Lipta,,,,
2234,Litku Klemetti,,,,
2235,Little Jesus,,,,
2236,Little River Band,,,,
2237,Little Stranger,,,,
2238,Liu,,,,
2239,Living Colour,,,,
2240,Lizzo,,,,
2241,Lizzy McAlpine,,,,
2242,Lleflight,,,,
2243,Lloyd,,,,
2244,Lloyiso,,,,
2245,Local Natives,,,,
2246,Locoplaya,,,,
2247,Logan Mize,,,,
2248,Lojay,,,,
2249,Lola Indigo,,,,
2250,Lola Young,,,,
2251,Lontalius,,,,
2252,Loose Bricks,,,,
2253,Lopes,,,,
2254,Lord Siva,,,,
2255,Loredana,,,,
2256,Lorena Santos,,,,
2257,Los 4,,,,
2258,Los Auténticos Decadentes,,,,
2259,Los Enanitos Verdes,,,,
2260,Los Fabulosos Cadillacs,,,,
2261,Los Mesoneros,,,,
2262,Los Punsetes,,,,
2263,Los Rebujitos,,,,
2264,Los Secretos,,,,
2265,Los del Control,,,,
2266,Lost Frequencies,,,,
2267,Lost Kings,,,,
2268,Lost Sky,,,,
2269,Lost Stories,,,,
2270,Lotus,,,,
2271,Lou Hoàng,,,,
2272,Louane,,,,
2273,Loud Luxury,,,,
2274,Louis The Child,,,,
2275,Louna,,,,
2276,Lov1,,,,
2277,Loving,,,,
2278,Loving Arms,,,,
2279,Lowriderz,,,,
2280,Luar La L,,,,
2281,Lucas & Steve,,,,
2282,Lucas Estrada,,,,
2283,Lucidor,,,,
2284,Lucio Corsi,,,,
2285,Lucky Brown,,,,
2286,Lucky Rose,,,,
2287,Ludwig,,,,
2288,Luigi 21 Plus,,,,
2289,Luis Alberto Spinetta,,,,
2290,Luis Cortés,,,,
2291,Luis Fonsi,,,,
2292,Luis Gabriel,,,,
2293,Lujavo,,,,
2294,Lukas G,,,,
2295,Luke Bryan,,,,
2296,Lulleaux,,,,
2297,Lumen,,,,
2298,Lumïsade,,,,
2299,Luna,,,,
2300,Lunay,,,,
2301,Luny Tunes,,,,
2302,Lusia Chebotina,,,,
2303,Luv Resval,,,,
2304,Lux-Inspira,,,,
2305,Luísa Sonza,,,,
2306,Lvtin Mvfia,,,,
2307,Lyanno,,,,
2308,Lyapis Trubetskoy,,,,
2309,Lykke Li,,,,
2310,Lynk Lee,,,,
2311,Lynyrd Skynyrd,,,,
2312,Lyyti,,,,
2313,Léo Santana,,,,
2314,Léonie Pernet,,,,
2315,Lê Bảo Bình,,,,
2316,M Caló,,,,
2317,M()RE,,,,
2318,MACE,,,,
2319,MAISONdes,,,,
2320,MAKJ,,,,
2321,MAMAMOO,,,,
2322,MAN WITH A MISSION,,,,
2323,MANBO,,,,
2324,MARINA,,,,
2325,MARLENA,,,,
2326,MATRANG,,,,
2327,MATTN,,,,
2328,MAX,,,,
2329,MBNN,,,,
2330,MC Buzzz,,,,
2331,MEAU,,,,
2332,MEDUZA,,,,
2333,MEHÍLOVE,,,,
2334,MELL VF,,,,
2335,MELOVIN,,,,
2336,MEMBA,,,,
2337,MEOVV,,,,
2338,MHD,,,,
2339,MIKOLAS,,,,
2340,MIRA,,,,
2341,MISSIO,,,,
2342,MJ Lenderman,,,,
2343,MKJ,,,,
2344,MKLA,,,,
2345,MNEX,,,,
2346,MODELKI,,,,
2347,MOGUAI,,,,
2348,MONATIK,,,,
2349,MONGOL800,,,,
2350,MONO,,,,
2351,MONO NO AWARE,,,,
2352,MONSTAR,,,,
2353,MOTi,,,,
2354,MRFY,,,,
2355,MRVLZ,,,,
2356,MT SOUL,,,,
2357,MUKKA,,,,
2358,MUZZ,,,,
2359,MY FIRST STORY,,,,
2360,MYA,,,,
2361,MYRNE,,,,
2362,Maan,,,,
2363,Maanu,,,,
2364,Mabel,,,,
2365,Mabel Matiz,,,,
2366,Mac DeMarco,,,,
2367,Mac Powell,,,,
2368,Macabre Plaza,,,,
2369,Macaroni Empitsu,,,,
2370,Macha Y El Bloque Depresivo,,,,
2371,Machine Head,,,,
2372,Macky,,,,
2373,Madame,,,,
2374,Madeon,,,,
2375,Madihu,,,,
2376,Madison Beer,,,,
2377,Madison Mars,,,,
2378,Madison Ryann Ward,,,,
2379,Madonna,,,,
2380,Madrigal,,,,
2381,Madrugada,,,,
2382,Mads Langer,,,,
2383,Madsen,,,,
2384,Maes,,,,
2385,Magdalena Bay,,,,
2386,Maggie Rogers,,,,
2387,Magna Cum Laude,,,,
2388,Magtens Korridorer,,,,
2389,Maha Ftouni,,,,
2390,Mahmood,,,,
2391,Mahmoud El Esseily,,,,
2392,Mahmoud El Leithy,,,,
2393,Mahmut Orhan,,,,
2394,Maija Vilkkumaa,,,,
2395,Maikel Delacalle,,,,
2396,Maikkis,,,,
2397,Majki,,,,
2398,Major Lazer,,,,
2399,Maka,,,,
2400,Maki,,,,
2401,Mako,,,,
2402,Mako Road,,,,
2403,Makosir,,,,
2404,Malaa,,,,
2405,Maldita Nerea,,,,
2406,Maldy,,,,
2407,Malito Malozo,,,,
2408,Malive,,,,
2409,Malte Ebert,,,,
2410,Malu,,,,
2411,Maluma,,,,
2412,Malú,,,,
2413,MamaRika,,,,
2414,Mambo Kingz,,,,
2415,Man Cub,,,,
2416,Management,,,,
2417,Manan Bhardwaj,,,,
2418,Mandisa,,,,
2419,Mando Diao,,,,
2420,Mandragora,,,,
2421,Maninder Buttar,,,,
2422,Maninni,,,,
2423,Mankirt Aulakh,,,,
2424,Manse,,,,
2425,Manu González,,,,
2426,Manuel Carrasco,,,,
2427,Manuel Cortés,,,,
2428,Manuel El Popeye,,,,
2429,Manuel González (Ex Rebujito),,,,
2430,Manuel Medrano,,,,
2431,Manuel Turizo,,,,
2432,Manuş Baba,,,,
2433,Maná,,,,
2434,Marble Sounds,,,,
2435,Marc Benjamin,,,,
2436,Marc Seguí,,,,
2437,Marcianeke,,,,
2438,Marcin Czerwiński,,,,
2439,Marco Borsato,,,,
2440,Marco Mengoni,,,,
2441,Marconi Impara,,,,
2442,Marcus King,,,,
2443,Marcus Mouya,,,,
2444,Marea,,,,
2445,Marek Ztracený,,,,
2446,Mares,,,,
2447,Maretu,,,,
2448,Margaret,,,,
2449,Mari Kraimbrery,,,,
2450,Maria Becerra,,,,
2451,Mariah Angeliq,,,,
2452,Mariah Carey,,,,
2453,Mariana BO,,,,
2454,Marianas Trench,,,,
2455,Marie,,,,
2456,Marie-Flore,,,,
2457,Marijonas Mikutavičius,,,,
2458,Marilyn Manson,,,,
2459,Marina Satti,,,,
2460,Marina Sena,,,,
2461,Mario,,,,
2462,Mark Ambor,,,,
2463,Mark Knopfler,,,,
2464,Mark Morton,,,,
2465,Mark Ronson,,,,
2466,Mark With a K,,,,
2467,Marko Perković Thompson,,,,
2468,Markus,,,,
2469,Markus Schulz,,,,
2470,Marlon,,,,
2471,Maroon 5,,,,
2472,Marques Houston,,,,
2473,Marracash,,,,
2474,Marshmello,,,,
2475,Marstein,,,,
2476,Marta Santos,,,,
2477,Martell,,,,
2478,Marti,,,,
2479,Martin Garrix,,,,
2480,Martin Jensen,,,,
2481,Martin Kerr,,,,
2482,Martin Solveig,,,,
2483,Martinwhite,,,,
2484,Martynas Kavaliauskas,,,,
2485,Marvel Boy,,,,
2486,Marwa Loud,,,,
2487,Mary Gu,,,,
2488,Mary J. Blige,,,,
2489,Mary Jane Girls,,,,
2490,Masew,,,,
2491,Masha i Medvedi,,,,
2492,Massar Egbari,,,,
2493,Massimo,,,,
2494,Massive Wagons,,,,
2495,Mat Zo,,,,
2496,Matheus & Kauan,,,,
2497,Mati Gómez,,,,
2498,Matias Damásio,,,,
2499,Matija,,,,
2500,Matija Cvek,,,,
2501,Matisse & Sadko,,,,
2502,Matoma,,,,
2503,Matt Berry,,,,
2504,Matt Hansen,,,,
2505,Matt Maher,,,,
2506,Matt Maltese,,,,
2507,Matthew Mole,,,,
2508,Matthew West,,,,
2509,Matthias Reim,,,,
2510,Matto,,,,
2511,Mau y Ricky,,,,
2512,Maustetytöt,,,,
2513,Mavi Gri,,,,
2514,Max Giesinger,,,,
2515,Maxim Lany,,,,
2516,Maxiolly,,,,
2517,Maxwell,,,,
2518,Mayel Jimenez,,,,
2519,Maëlle,,,,
2520,Mda,,,,
2521,Mdmoney,,,,
2522,Medina,,,,
2523,Meet Bros.,,,,
2524,Mega Shinnosuke,,,,
2525,Megadeth,,,,
2526,Megan Moroney,,,,
2527,Meghan Trainor,,,,
2528,Mehrad Hidden,,,,
2529,Melanie Martinez,,,,
2530,Melek Mosso,,,,
2531,Melendi,,,,
2532,Melike Şahin,,,,
2533,Melissa Horn,,,,
2534,Melisses,,,,
2535,Melsen,,,,
2536,Mendum,,,,
2537,Menor Menor,,,,
2538,Mentissa,,,,
2539,MercyMe,,,,
2540,Merle Haggard,,,,
2541,Mert Can,,,,
2542,Mert Demir,,,,
2543,Mert Duran,,,,
2544,Merve Özbey,,,,
2545,Mesa,,,,
2546,Mesto,,,,
2547,Metallica,,,,
2548,Metric,,,,
2549,Metrika,,,,
2550,Micah Tyler,,,,
2551,Michael Bublé,,,,
2552,Michael Calfan,,,,
2553,Michael Learns To Rock,,,,
2554,Michael Ray,,,,
2555,Michael Schulte,,,,
2556,Michael W. Smith,,,,
2557,Michelle Maciel,,,,
2558,Mick Flannery,,,,
2559,Micky G,,,,
2560,Micro TDH,,,,
2561,Midnight Kids,,,,
2562,Midnight Star,,,,
2563,Midsplit,,,,
2564,Migos,,,,
2565,Migrantes,,,,
2566,Miguel,,,,
2567,Miguel Campello,,,,
2568,Mike Bahía,,,,
2569,Mike Williams,,,,
2570,Mikel Izal,,,,
2571,Mikito P,,,,
2572,Miky Woodz,,,,
2573,Mila Robert,,,,
2574,Miladin Sobic,,,,
2575,Miles Away,,,,
2576,Miley Cyrus,,,,
2577,Milky Chance,,,,
2578,Millow,,,,
2579,Milly,,,,
2580,Milo Mae,,,,
2581,Milo j,,,,
2582,Milow,,,,
2583,Minelli,,,,
2584,Ministério Zoe,,,,
2585,Minor Majority,,,,
2586,Miracle Of Sound,,,,
2587,Mirai,,,,
2588,Miranda,,,,
2589,Miranda!,,,,
2590,Mirella,,,,
2591,Miriam Bryant,,,,
2592,Miro,,,,
2593,Mirrr,,,,
2594,Miscris,,,,
2595,Misha Marvin,,,,
2596,Misha Miller,,,,
2597,Miss Caffeina,,,,
2598,Miss Li,,,,
2599,Miss Montreal,,,,
2600,Missy Elliott,,,,
2601,Mister You,,,,
2602,MisterWives,,,,
2603,Mitchell Tenpenny,,,,
2604,MitiS,,,,
2605,Mitraz,,,,
2606,MiyaGi & Endspiel,,,,
2607,Mišo Kovač,,,,
2608,Mjut,,,,
2609,Modà,,,,
2610,Moha La Squale,,,,
2611,Mohamed Fouad,,,,
2612,Mohamed Hamaki,,,,
2613,Mohamed Mounir,,,,
2614,Mohammad Faiz,,,,
2615,Mohammed Saeed,,,,
2616,Mohbad,,,,
2617,Mohito,,,,
2618,Mojjo,,,,
2619,Mokita,,,,
2620,Mokoma,,,,
2621,Moksi,,,,
2622,Molly Hammar,,,,
2623,Molly Sandén,,,,
2624,Momoiro Clover Z,,,,
2625,Mona Songz,,,,
2626,Monaky,,,,
2627,Moncho Chavea,,,,
2628,Monetochka,,,,
2629,Monica,,,,
2630,Monika LIU,,,,
2631,Monique,,,,
2632,Mono Inc.,,,,
2633,Monocule,,,,
2634,Mont,,,,
2635,Montano,,,,
2636,Montell Jordan,,,,
2637,Montez,,,,
2638,Moonbeam,,,,
2639,Moonkey,,,,
2640,Mora,,,,
2641,Morad,,,,
2642,Morat,,,,
2643,More Plastic,,,,
2644,Morgan Evans,,,,
2645,Morgan Page,,,,
2646,Morgan Sulele,,,,
2647,Morphom,,,,
2648,Morten Abel,,,,
2649,Morvasu,,,,
2650,Morčata na útěku,,,,
2651,Moses,,,,
2652,Moses Hightower,,,,
2653,Mosimann,,,,
2654,Mother Mother,,,,
2655,Motohiro Hata,,,,
2656,Motörhead,,,,
2657,Moya Mishel,,,,
2658,Mr FijiWiji,,,,
2659,Mr. Belt & Wezol,,,,
2660,Mr. Hurley & Die Pulveraffen,,,,
2661,Mr. Kilombo,,,,
2662,Mr. Pig,,,,
2663,Mr. Probz,,,,
2664,Mrozu,,,,
2665,Mrs. GREEN APPLE,,,,
2666,Muchy,,,,
2667,Mugison,,,,
2668,Mujeva,,,,
2669,Mumford & Sons,,,,
2670,Mumiy Troll,,,,
2671,Mumle,,,,
2672,Muniek Staszczyk,,,,
2673,Murakami,,,,
2674,Murdock,,,,
2675,Muscadine Bloodline,,,,
2676,Muse,,,,
2677,Music Hero,,,,
2678,Musiqq,,,,
2679,Musketeers,,,,
2680,Muslim - مُسلِم,,,,
2681,Must Hunt,,,,
2682,Mustafa Sandal,,,,
2683,Mustafa Zahid,,,,
2684,Mustard,,,,
2685,Mustasch,,,,
2686,Mwuana,,,,
2687,My Chemical Romance,,,,
2688,Myd,,,,
2689,Myke Towers,,,,
2690,Myles Smith,,,,
2691,Mylène Farmer,,,,
2692,Myra Granberg,,,,
2693,Myra Trần,,,,
2694,Myslovitz,,,,
2695,Måneskin,,,,
2696,Mýa,,,,
2697,Męskie Granie Orkiestra,,,,
2698,Mỹ Tâm,,,,
2699,N.Flying,,,,
2700,N3WPORT,,,,
2701,NAFTA,,,,
2702,NALYRO,,,,
2703,NANAOAKARI,,,,
2704,NAPA,,,,
2705,NATTI NATASHA,,,,
2706,NAVAI,,,,
2707,NAYEON,,,,
2708,NAZVA,,,,
2709,NCT DREAM,,,,
2710,NCT WISH,,,,
2711,NEEDTOBREATHE,,,,
2712,NEEDY GIRL OVERDOSE,,,,
2713,NEMIGA,,,,
2714,NERO,,,,
2715,NERVO,,,,
2716,NF,,,,
2717,NGHTMRE,,,,
2718,NGTY,,,,
2719,NIKOŚ,,,,
2720,NILETTO,,,,
2721,NIVIRO,,,,
2722,NLSN,,,,
2723,NMIXX,,,,
2724,NO CIGAR,,,,
2725,NONT TANONT,,,,
2726,NOTD,,,,
2727,NOTSOBAD,,,,
2728,NURKO,,,,
2729,Nacho,,,,
2730,Nadal015,,,,
2731,Nahir,,,,
2732,Naira Marley,,,,
2733,Naktinės Personos,,,,
2734,Namic,,,,
2735,Nancy Ajram,,,,
2736,Nancy Sinatra,,,,
2737,Nando Reis,,,,
2738,Naps,,,,
2739,Nasıl Derler Bilirsin,,,,
2740,Natalia Jiménez,,,,
2741,Natalia Lafourcade,,,,
2742,Natalie Grant,,,,
2743,Natalija Bunke,,,,
2744,Natan,,,,
2745,Natan & Shander,,,,
2746,Natasja,,,,
2747,Nate Smith,,,,
2748,Nath,,,,
2749,Nathan Dawe,,,,
2750,Nathaniel Rateliff & The Night Sweats,,,,
2751,Natiruts,,,,
2752,Natos y Waor,,,,
2753,Navaan Sandhu,,,,
2754,Naza,,,,
2755,Ne-Yo,,,,
2756,Nedaa Shrara,,,,
2757,Nej,,,,
2758,Nekfeu,,,,
2759,Nelly,,,,
2760,Nemzeti Hang,,,,
2761,Neno Belan,,,,
2762,Neon 2,,,,
2763,Nerd Connection,,,,
2764,Nessa Barrett,,,,
2765,Netsky,,,,
2766,Neutro Shorty,,,,
2767,New Edition,,,,
2768,NewDad,,,,
2769,NewJeans,,,,
2770,Newery,,,,
2771,Newik,,,,
2772,Newkid,,,,
2773,Newsboys,,,,
2774,Nexeri,,,,
2775,Ngọt,,,,
2776,Niaks,,,,
2777,Niall Horan,,,,
2778,Nice Life,,,,
2779,Nick Cave & The Bad Seeds,,,,
2780,Nickelback,,,,
2781,Nicki Nicole,,,,
2782,Nickoog Clk,,,,
2783,Nicky Jam,,,,
2784,Nicky Romero,,,,
2785,Nicky Youre,,,,
2786,Nico Morano,,,,
2787,Nicolay Ramm,,,,
2788,Nicole Cherry,,,,
2789,Nicole Horts,,,,
2790,Nigel Stately,,,,
2791,Nightstalker,,,,
2792,Nik & Jay,,,,
2793,Nikone,,,,
2794,Nikos Oikonomopoulos,,,,
2795,Nikos Vertis,,,,
2796,Nil Moliner,,,,
2797,Nilipek.,,,,
2798,Nina Chuba,,,,
2799,Ninho,,,,
2800,Nininho Vaz Maia,,,,
2801,Nio Garcia,,,,
2802,Niro,,,,
2803,Nirvana,,,,
2804,Niska,,,,
2805,NiziU,,,,
2806,Ničim izazvan,,,,
2807,No Doubt,,,,
2808,No One Else,,,,
2809,No Te Va Gustar,,,,
2810,No Vacation,,,,
2811,Noa Kirel,,,,
2812,Noah Carter,,,,
2813,Noah Kahan,,,,
2814,Nochnye Snaipery,,,,
2815,Nogu Svelo!,,,,
2816,Noize MC,,,,
2817,Noizy,,,,
2818,Nombeko Auguste,,,,
2819,Nomy,,,,
2820,Norbertas,,,,
2821,Noriel,,,,
2822,Noro,,,,
2823,Northern Lite,,,,
2824,Not Kiddin,,,,
2825,Not Your Dope,,,,
2826,Nothing But Thieves,,,,
2827,Nova Norda,,,,
2828,Novastar,,,,
2829,Novelbright,,,,
2830,Noé Preszow,,,,
2831,NuNew,,,,
2832,Nuit Incolore,,,,
2833,Nuno Ribeiro,,,,
2834,Nyno Vargas,,,,
2835,Nívea Soares,,,,
2836,Nýdönsk,,,,
2837,NЮ,,,,
2838,O Terno,,,,
2839,O-Zone,,,,
2840,O.Torvald,,,,
2841,OBOY,,,,
2842,OBSESS,,,,
2843,ODESZA,,,,
2844,ODUMODUBLVCK,,,,
2845,OFFICIAL HIGE DANDISM,,,,
2846,OKS,,,,
2847,OMAY,,,,
2848,ONE OK ROCK,,,,
2849,ONEIL,,,,
2850,Oana Radu,,,,
2851,Oasis,,,,
2852,Obito,,,,
2853,Ocean Alley,,,,
2854,Odd Nordstoga,,,,
2855,Odyn v Kanoe,,,,
2856,Of Monsters and Men,,,,
2857,Ofenbach,,,,
2858,Offset,,,,
2859,Okean Elzy,,,,
2860,Olamide,,,,
2861,Old Dominion,,,,
2862,Old Mervs,,,,
2863,Ole 60,,,,
2864,Oliver Heldens,,,,
2865,Oliver Mandic,,,,
2866,Olivia Dean,,,,
2867,Olivia Lobato,,,,
2868,Olivia Newton-John,,,,
2869,Olivia Rodrigo,,,,
2870,Olli Halonen,,,,
2871,Olly,,,,
2872,Olmedo MX,,,,
2873,Omana,,,,
2874,Omar,,,,
2875,Omar Apollo,,,,
2876,Omar Courtz,,,,
2877,Omar Montes,,,,
2878,Omarion,,,,
2879,Omnia,,,,
2880,Omy de Oro,,,,
2881,OneRepublic,,,,
2882,OnklP & De Fjerne Slektningene,,,,
2883,Only The Poets,,,,
2884,Onur Atli,,,,
2885,Onur Can Özcan,,,,
2886,Oomloud,,,,
2887,Operation Plasticine,,,,
2888,Oques Grasses,,,,
2889,Orange,,,,
2890,Oranžās Brīvdienas,,,,
2891,Organek,,,,
2892,Original Elias,,,,
2893,Orkidea,,,,
2894,Ornella Vanoni,,,,
2895,Oscar Barrul,,,,
2896,Oscar and the Wolf,,,,
2897,Oscar el Ruso,,,,
2898,Oskar Cyms,,,,
2899,Oslo Ess,,,,
2900,Otto Knows,,,,
2901,Over Easy,,,,
2902,Over October,,,,
2903,Ovi,,,,
2904,Ovy On The Drums,,,,
2905,Owen,,,,
2906,Oxlade,,,,
2907,Ozbi,,,,
2908,Ozgun,,,,
2909,Ozuna,,,,
2910,Ozzy Osbourne,,,,
2911,Oğuzhan Koç,,,,
2912,P!nk,,,,
2913,P.I.WO BOYZ GANG,,,,
2914,P.O.D.,,,,
2915,PARTYNEXTDOOR,,,,
2916,PATR!K,,,,
2917,PELICAN FANCLUB,,,,
2918,PEOPLE 1,,,,
2919,PIND,,,,
2920,PIZZA,,,,
2921,PLAVE,,,,
2922,PLK,,,,
2923,PNL,,,,
2924,POLKADOT STINGRAY,,,,
2925,POSITIFF,,,,
2926,PRINSH,,,,
2927,PUBLIC,,,,
2928,PUN,,,,
2929,Pablito Pesadilla,,,,
2930,Pablo Alborán,,,,
2931,Pablo Chill-E,,,,
2932,Pacho El Antifeka,,,,
2933,Pacific Avenue,,,,
2934,Paddy And The Rats,,,,
2935,Pailita,,,,
2936,Palace,,,,
2937,Palaye Royale,,,,
2938,Paleface,,,,
2939,Palmiyeler,,,,
2940,Pam Rabbit,,,,
2941,Panchiko,,,,
2942,Panteon Rococo,,,,
2943,Papa Roach,,,,
2944,Papi Sousa,,,,
2945,Paramore,,,,
2946,Parannoul,,,,
2947,Parfeniuk,,,,
2948,Pariisin Kevät,,,,
2949,Paris Blohm,,,,
2950,Paris Paloma,,,,
2951,Parker McCollum,,,,
2952,Parmalee,,,,
2953,Parmish Verma,,,,
2954,Parni Valjak,,,,
2955,Part Time,,,,
2956,Party Favor,,,,
2957,Party Pupils,,,,
2958,Pasi ja Anssi,,,,
2959,Pastora Soler,,,,
2960,Pate Mustajärvi,,,,
2961,Patent Ochsner,,,,
2962,Patrickananda,,,,
2963,Patsyki Z Franeka,,,,
2964,Paul McCartney,,,,
2965,Paula Biskup,,,,
2966,Paula Mattheus,,,,
2967,Paulina Paukštaitytė,,,,
2968,Paulo Domínguez,,,,
2969,Paulo Gonzo,,,,
2970,Paulo Londra,,,,
2971,Pause,,,,
2972,Pavel Khvaleev,,,,
2973,Pavlos Sidiropoulos,,,,
2974,Payal Dev,,,,
2975,Payin' Top Dolla,,,,
2976,Peach Fur,,,,
2977,Pearl Jam,,,,
2978,Peat and Diesel,,,,
2979,Pecos & the Rooftops,,,,
2980,Pedro Abrunhosa,,,,
2981,Pedro Calderon,,,,
2982,Pedro el Flamenkito,,,,
2983,Peg Parnevik,,,,
2984,Pegboard Nerds,,,,
2985,Peking Duk,,,,
2986,Penelope Scott,,,,
2987,Penthox,,,,
2988,Pep & Rash,,,,
2989,Pepe y Vizio,,,,
2990,Pepper,,,,
2991,Pera,,,,
2992,Perdenin Ardındakiler,,,,
2993,Perunggu,,,,
2994,Pet Shop Boys,,,,
2995,Pete Parkkonen,,,,
2996,Peter Fox,,,,
2997,Peter Luts,,,,
2998,Peter Sommer,,,,
2999,Petri Nygård,,,,
3000,Phan Mạnh Quỳnh,,,,
3001,Pharrell Williams,,,,
3002,Pheelz,,,,
3003,Phil Collins,,,,
3004,Phil Wickham,,,,
3005,Philippe Katerine,,,,
3006,Phillip Phillips,,,,
3007,Phoebe Bridgers,,,,
3008,Phoenix,,,,
3009,Phương Ly,,,,
3010,Pianoboy,,,,
3011,Pickle,,,,
3012,Picture This,,,,
3013,Pidżama Porno,,,,
3014,Pierce Fulton,,,,
3015,Pierce The Veil,,,,
3016,Pierre Garnier,,,,
3017,Pierre de Maere,,,,
3018,Pietro Basile,,,,
3019,Pignoise,,,,
3020,Pikaso,,,,
3021,Pil,,,,
3022,Pimp Flaco,,,,
3023,Pinguini Tattici Nucleari,,,,
3024,Pinhani,,,,
3025,Pink Floyd,,,,
3026,PinkPantheress,,,,
3027,PinocchioP,,,,
3028,Pinup Girls,,,,
3029,Piotr Rubik,,,,
3030,Pipe Bueno,,,,
3031,Pirlo,,,,
3032,Piso 21,,,,
3033,Piti Fernández,,,,
3034,Pixies,,,,
3035,Pj Sin Suela,,,,
3036,Planet Funk,,,,
3037,Platon Karataev,,,,
3038,Playground,,,,
3039,Plaza,,,,
3040,Plumbo,,,,
3041,Polar Youth,,,,
3042,Polimá Westcoast,,,,
3043,Polycat,,,,
3044,Polyphia,,,,
3045,Pongsit Kampee,,,,
3046,Pony Pony Run Run,,,,
3047,Pornofilmy,,,,
3048,Porter,,,,
3049,Porter Robinson,,,,
3050,Portion Boys,,,,
3051,Portishead,,,,
3052,Portugal. The Man,,,,
3053,Poshlaya Molly,,,,
3054,Post Malone,,,,
3055,Postgirobygget,,,,
3056,Prateek Kuhad,,,,
3057,Prem Dhillon,,,,
3058,Preto no Branco,,,,
3059,Primal Scream,,,,
3060,Prince Royce,,,,
3061,Prljavo Kazaliste,,,,
3062,Procol Harum,,,,
3063,Protostar,,,,
3064,Provinz,,,,
3065,Przemek.pro,,,,
3066,Psihomodo Pop,,,,
3067,Puggy,,,,
3068,Pur,,,,
3069,Purebeat,,,,
3070,Purity Ring,,,,
3071,Pusho,,,,
3072,Puto X,,,,
3073,Puya,,,,
3074,Pyhimys,,,,
3075,Pyllo Cortes,,,,
3076,QLER,,,,
3077,QUEEN BEE,,,,
3078,QWER,,,,
3079,Qrion,,,,
3080,Quang Hùng MasterD,,,,
3081,Quarters of Change,,,,
3082,Queen,,,,
3083,Queens of the Stone Age,,,,
3084,Quentyn,,,,
3085,Quest Pistols,,,,
3086,Quevedo,,,,
3087,Quintino,,,,
3088,R.E.M.,,,,
3089,R3HAB,,,,
3090,RADIO TAPOK,,,,
3091,RADWIMPS,,,,
3092,RAKEL,,,,
3093,RANDI,,,,
3094,RASA,,,,
3095,RAT BOY,,,,
3096,RAVEN,,,,
3097,RAYE,,,,
3098,RENEE,,,,
3099,RESCENE,,,,
3100,RH,,,,
3101,RHYDER,,,,
3102,RICCI,,,,
3103,RIXXIA,,,,
3104,RL Grime,,,,
3105,ROA,,,,
3106,ROBI,,,,
3107,ROLE MODEL,,,,
3108,RONDO,,,,
3109,RONDÉ,,,,
3110,ROSALÍA,,,,
3111,ROY KNOX,,,,
3112,RPT MCK,,,,
3113,RSAC,,,,
3114,RUD,,,,
3115,Ra Ra Viper,,,,
3116,Raaban,,,,
3117,Racer,,,,
3118,Rachael Lampa,,,,
3119,Racoon,,,,
3120,Radiohead,,,,
3121,Radistai Dj's,,,,
3122,Radvilas RA,,,,
3123,Rafa Pabön,,,,
3124,Raghav Chaitanya,,,,
3125,Ragnar Bjarnason,,,,
3126,Rahat Fateh Ali Khan,,,,
3127,Rahsaan Patterson,,,,
3128,RaiM,,,,
3129,Rajat Nagpal,,,,
3130,Rajvir Jawanda,,,,
3131,Ralph Felix,,,,
3132,Ralph Kaminski,,,,
3133,Ralphie Choo,,,,
3134,Ramil',,,,
3135,Rammstein,,,,
3136,Ramy Gamal,,,,
3137,Ramy Sabry,,,,
3138,Ramón,,,,
3139,Rancid Eddie,,,,
3140,Randy,,,,
3141,Raphaël,,,,
3142,Rasel,,,,
3143,Rasmus Seebach,,,,
3144,Rasmus Walter,,,,
3145,Rata Blanca,,,,
3146,Rauf & Faik,,,,
3147,Rauhbein,,,,
3148,Rauw Alejandro,,,,
3149,Raven & Kreyn,,,,
3150,Rawayana,,,,
3151,Ray Dalton,,,,
3152,Razihel,,,,
3153,Rea Garvey,,,,
3154,Rebelution,,,,
3155,Rebounder,,,,
3156,Reckless Love,,,,
3157,Recycled J,,,,
3158,Red Band,,,,
3159,Red Hot Chili Peppers,,,,
3160,Red Velvet,,,,
3161,Redd,,,,
3162,Redferrin,,,,
3163,Regallily,,,,
3164,Regard,,,,
3165,Regi,,,,
3166,Rei 6,,,,
3167,Reik,,,,
3168,Reinhard Mey,,,,
3169,Relanium,,,,
3170,Reliquiae,,,,
3171,Rels B,,,,
3172,Rema,,,,
3173,Remis Retro,,,,
3174,Ren Ran,,,,
3175,Renan Luce,,,,
3176,Rend Collective,,,,
3177,Reol,,,,
3178,RetroVision,,,,
3179,Revelries,,,,
3180,Revol,,,,
3181,Revolverheld,,,,
3182,Rex Orange County,,,,
3183,Reykon,,,,
3184,Reynmen,,,,
3185,Rezz,,,,
3186,Rhett Walker,,,,
3187,Riar Saab,,,,
3188,Riblja Corba,,,,
3189,Rich Music LTD,,,,
3190,Richie Campbell,,,,
3191,Richie Valdes,,,,
3192,Richy Mitch & The Coal Miners,,,,
3193,Rick Astley,,,,
3194,Ricky Razu,,,,
3195,Ricky Rich,,,,
3196,Ricsárdgír,,,,
3197,Ridney,,,,
3198,Rifle,,,,
3199,Riggi & Piros,,,,
3200,Rigoberta Bandini,,,,
3201,Rihanna,,,,
3202,Riley Green,,,,
3203,Rim'K,,,,
3204,Rino Gaetano,,,,
3205,Rise Against,,,,
3206,Rita Vian,,,,
3207,Riton,,,,
3208,Ritt Momney,,,,
3209,Ritviz,,,,
3210,Rival Sons,,,,
3211,Rišpet,,,,
3212,Rkomi,,,,
3213,Road Of Major,,,,
3214,Rob De Nijs,,,,
3215,Rob Deniel,,,,
3216,Rob Gasser,,,,
3217,Rob Thomas,,,,
3218,Rob Zombie,,,,
3219,Robby East,,,,
3220,Robert Redweik,,,,
3221,Robin Hustin,,,,
3222,Robin Schulz,,,,
3223,Robin Thicke,,,,
3224,Rocco Hunt,,,,
3225,Rochak Kohli,,,,
3226,Rock Hotel,,,,
3227,Rogers & Dean,,,,
3228,Rogue,,,,
3229,Rohata Zhaba,,,,
3230,Rojo,,,,
3231,Rojuu,,,,
3232,Rokas Yan,,,,
3233,Rokudenashi,,,,
3234,Rolf Sanchez,,,,
3235,Romeo Santos,,,,
3236,Rompasso,,,,
3237,Ronnie Milsap,,,,
3238,Roope Salminen & Koirat,,,,
3239,Rootkit,,,,
3240,Rose Villain,,,,
3241,Roselia,,,,
3242,Rotimi,,,,
3243,Rotinda,,,,
3244,Rovalio,,,,
3245,Roxen,,,,
3246,Roxie,,,,
3247,Royal Blood,,,,
3248,Royal Republic,,,,
3249,Royel Otis,,,,
3250,Rozalia,,,,
3251,Rozh,,,,
3252,Rsko,,,,
3253,Ruben,,,,
3254,Ruben Delallana,,,,
3255,Rubi,,,,
3256,RudeLies,,,,
3257,Rudimental,,,,
3258,Ruel,,,,
3259,Ruger,,,,
3260,Rum Jungle,,,,
3261,Runtown,,,,
3262,Russ,,,,
3263,Russell Dickerson,,,,
3264,Ruusut,,,,
3265,Rvssian,,,,
3266,Ryan Castro,,,,
3267,Ryan Hurd,,,,
3268,Ryan Mack,,,,
3269,Ryan Stevenson,,,,
3270,Rybičky 48,,,,
3271,Rymdpojken,,,,
3272,Ryokuoushoku Shakai,,,,
3273,Rózsaszín Pittbull,,,,
3274,SADBOI,,,,
3275,SAIKO,,,,
3276,SALIMA CHICA,,,,
3277,SAMBLACK,,,,
3278,SANTA,,,,
3279,SAULT,,,,
3280,SB19,,,,
3281,SCH,,,,
3282,SCIRENA,,,,
3283,SDM,,,,
3284,SDP,,,,
3285,SE SO NEON,,,,
3286,SEKAI NO OWARI,,,,
3287,SENSE,,,,
3288,SEREBRO,,,,
3289,SERYABKINA,,,,
3290,SEVENTEEN,,,,
3291,SFB,,,,
3292,SHUMEI,,,,
3293,SIDEPIECE,,,,
3294,SIX LOUNGE,,,,
3295,SKAAR,,,,
3296,SKAI,,,,
3297,SKAZZ,,,,
3298,SKOFKA,,,,
3299,SKYLERR,,,,
3300,SMACK,,,,
3301,SMVACK,,,,
3302,SNBRN,,,,
3303,SOFT PLAY,,,,
3304,SOOBIN,,,,
3305,SOPHIA,,,,
3306,SOULFIA,,,,
3307,SPINALL,,,,
3308,SPITZ,,,,
3309,SPRITE,,,,
3310,SPYAIR,,,,
3311,SRTW,,,,
3312,STARSET,,,,
3313,STIG,,,,
3314,STONE,,,,
3315,STRANGEHUMAN,,,,
3316,SUDA MASAKI,,,,
3317,SUER,,,,
3318,SUNI,,,,
3319,SUPER BEAVER,,,,
3320,SURL,,,,
3321,SYML,,,,
3322,SZA,,,,
3323,Saabi Bhinder,,,,
3324,Saad Lamjarred,,,,
3325,SaberZ,,,,
3326,Sabrina Carpenter,,,,
3327,Sachet Tandon,,,,
3328,Sachet-Parampara,,,,
3329,Sachin-Jigar,,,,
3330,Sadie Jean,,,,
3331,Sael,,,,
3332,Sagan,,,,
3333,Sahir,,,,
3334,Said The Sky,,,,
3335,Saimaa,,,,
3336,Saint Motel,,,,
3337,Saint clara,,,,
3338,Sajfer,,,,
3339,Sajjan Adeeb,,,,
3340,Sakiler,,,,
3341,Saltatio Mortis,,,,
3342,Sam Barber,,,,
3343,Sam C.S.,,,,
3344,Sam Cosmo,,,,
3345,Sam Feldt,,,,
3346,Sam Fender,,,,
3347,Sam Fischer,,,,
3348,Sam Hunt,,,,
3349,Sam Smith,,,,
3350,Samir & Viktor,,,,
3351,Sammie,,,,
3352,Samoe Bolshoe Prostoe Chislo,,,,
3353,Samueliyo Baby,,,,
3354,Samuli Edelmann,,,,
3355,Samuli Putro,,,,
3356,San Holo,,,,
3357,Sanam,,,,
3358,Sanctus Real,,,,
3359,Sander van Doorn,,,,
3360,Sandra Lyng,,,,
3361,Sandro Cavazza,,,,
3362,Santana,,,,
3363,Santhosh Narayanan,,,,
3364,Santiano,,,,
3365,Sara James,,,,
3366,Sara Kays,,,,
3367,Sarah Connor,,,,
3368,Sarettii,,,,
3369,Sarsa,,,,
3370,Sarz,,,,
3371,Sasha Boole,,,,
3372,Sasha Chemerov,,,,
3373,Sasso,,,,
3374,Saucy Dog,,,,
3375,Saulės Kliošas,,,,
3376,Saveus,,,,
3377,Sayian Jimmy,,,,
3378,Sayuri,,,,
3379,ScHoolboy Q,,,,
3380,Scarlet Pleasure,,,,
3381,Schandmaul,,,,
3382,Schillist,,,,
3383,Scorpions,,,,
3384,Scotty McCreery,,,,
3385,Sean Koch,,,,
3386,Sean Paul,,,,
3387,Sean Roldan,,,,
3388,Sebastian Ingrosso,,,,
3389,Sebastian Wibe,,,,
3390,Sebastian Yatra,,,,
3391,Sech,,,,
3392,Sedef Sebüktekin,,,,
3393,Seeed,,,,
3394,Seether,,,,
3395,Sekai,,,,
3396,Seksendört,,,,
3397,Sel,,,,
3398,Selena Gomez,,,,
3399,Self Deception,,,,
3400,Semicenk,,,,
3401,Sen Senra,,,,
3402,Sena Şener,,,,
3403,Senidah,,,,
3404,Senjahopen,,,,
3405,Serge Gainsbourg,,,,
3406,Sergio Contreras,,,,
3407,Serhii Babkin,,,,
3408,Servando & Florentino,,,,
3409,Serú Girán,,,,
3410,Seu Jorge,,,,
3411,Seven Lions,,,,
3412,Sevenn,,,,
3413,Sevyn Streeter,,,,
3414,Seyi Vibez,,,,
3415,Sezen Aksu,,,,
3416,Sezer Sarıgöz,,,,
3417,Sfera Ebbasta,,,,
3418,Shablo,,,,
3419,Shaboozey,,,,
3420,Shae Gill,,,,
3421,Shaka Ponk,,,,
3422,Shakira,,,,
3423,Shakira Martínez,,,,
3424,Shallipopi,,,,
3425,Shane & Shane,,,,
3426,Shanice,,,,
3427,Shanon,,,,
3428,Shapov,,,,
3429,Sharktank,,,,
3430,Sharlot,,,,
3431,Sharon Van Etten,,,,
3432,Shatta Wale,,,,
3433,Shaun Frank,,,,
3434,Shawn Mendes,,,,
3435,She Her Her Hers,,,,
3436,She Past Away,,,,
3437,Sheena Ringo,,,,
3438,Shelly,,,,
3439,Sherine,,,,
3440,Sheryl Crow,,,,
3441,Shinova,,,,
3442,Shinsei Kamattechan,,,,
3443,Shirin David,,,,
3444,Shiva,,,,
3445,Shkumbin Ismaili,,,,
3446,Shooter Kahlon,,,,
3447,Showtek,,,,
3448,SiR,,,,
3449,Sia,,,,
3450,Sibel Can,,,,
3451,Sick Individuals,,,,
3452,Sickan,,,,
3453,Siddhartha,,,,
3454,Siddhu Kumar,,,,
3455,Sidecars,,,,
3456,Sidhu Moose Wala,,,,
3457,Sido,,,,
3458,Sienna,,,,
3459,Sigala,,,,
3460,Sigrid,,,,
3461,Sigur Rós,,,,
3462,Sigurd Barrett,,,,
3463,Sigurður Guðmundsson,,,,
3464,Silambarasan TR,,,,
3465,Silbermond,,,,
3466,Silente,,,,
3467,Silica Gel,,,,
3468,Silk City,,,,
3469,Silk Ye,,,,
3470,Silly Fools,,,,
3471,Silverstein,,,,
3472,Silvestre Dangond,,,,
3473,Silvestre y La Naranja,,,,
3474,Simge,,,,
3475,Simple Plan,,,,
3476,Simón Díaz,,,,
3477,Sinego,,,,
3478,Sinickis,,,,
3479,Sinkope,,,,
3480,Sinéad Harnett,,,,
3481,Sir Chloe,,,,
3482,Sisters On Wire,,,,
3483,Sivas,,,,
3484,Sivert Høyem,,,,
3485,Sj,,,,
3486,Skambankt,,,,
3487,Skank,,,,
3488,Skapova,,,,
3489,Skegss,,,,
3490,Skillet,,,,
3491,Skindred,,,,
3492,Skinny Days,,,,
3493,Skinz,,,,
3494,Skizzo Skillz,,,,
3495,Skolim,,,,
3496,Skrillex,,,,
3497,Sky Rompiendo,,,,
3498,Skylar Grey,,,,
3499,Sleep Alley,,,,
3500,Sleeping At Last,,,,
3501,Sleiman,,,,
3502,Slider & Magnit,,,,
3503,Slightly Stoopid,,,,
3504,Slimane,,,,
3505,Slipknot,,,,
3506,Slippy,,,,
3507,Slomosa,,,,
3508,Slot Machine,,,,
3509,Slowdive,,,,
3510,Slushii,,,,
3511,Smash Into Pieces,,,,
3512,Smilers,,,,
3513,Smiley,,,,
3514,Smith & Thell,,,,
3515,Smolasty,,,,
3516,Snelle,,,,
3517,Snow Patrol,,,,
3518,So!YoON!,,,,
3519,Sobakka,,,,
3520,Soccer Mommy,,,,
3521,Sofi Tukker,,,,
3522,Sofia Ellar,,,,
3523,Sofía Reyes,,,,
3524,Soge Culebra,,,,
3525,Sohodolls,,,,
3526,Solange,,,,
3527,Solitude Is Bliss,,,,
3528,Somebody's Child,,,,
3529,Son Feci Bisiklet,,,,
3530,Son Mieux,,,,
3531,Sonbird,,,,
3532,Sondr,,,,
3533,Sondre Justad,,,,
3534,Soner Sarıkabadayı,,,,
3535,Sonny Fodera,,,,
3536,Soolking,,,,
3537,Sophie Hunger,,,,
3538,Sophie Powers,,,,
3539,Soprano,,,,
3540,Soraia Ramos,,,,
3541,Soso Maness,,,,
3542,Sossa,,,,
3543,Soto Asa,,,,
3544,Soundsperale,,,,
3545,Spacey Jane,,,,
3546,Spektrem,,,,
3547,Splean,,,,
3548,Spoegwolf,,,,
3549,St. Lundi,,,,
3550,Stadiumx,,,,
3551,Stam1na,,,,
3552,Standly,,,,
3553,Stanisław Soyka,,,,
3554,Stars Music Chile,,,,
3555,Staut,,,,
3556,Staysman & Lazz,,,,
3557,Steam Phunk,,,,
3558,Steerner,,,,
3559,Stef Bos,,,,
3560,Steff da Campo,,,,
3561,Stellar,,,,
3562,Stephan Eicher,,,,
3563,Stephen Bishop,,,,
3564,Stephen Walking,,,,
3565,Stephen Zechariah,,,,
3566,Sterbinszky,,,,
3567,Stereopalto,,,,
3568,Stereophonics,,,,
3569,Steve Angello,,,,
3570,Steve Aoki,,,,
3571,Steve James,,,,
3572,Steve Miller Band,,,,
3573,Steve Void,,,,
3574,Stevie Bill,,,,
3575,Stick Figure,,,,
3576,Sticky Fingers,,,,
3577,Sticky M.A.,,,,
3578,Stig Brenner,,,,
3579,Stina Talling,,,,
3580,Sting,,,,
3581,Stonebank,,,,
3582,Strachy Na Lachy,,,,
3583,Strawberry Guy,,,,
3584,Stray Kids,,,,
3585,Strings,,,,
3586,Stromae,,,,
3587,Strong R.,,,,
3588,Stupeflip,,,,
3589,Sub Urban,,,,
3590,Subcarpaţi,,,,
3591,Sublime,,,,
3592,Sudden Lights,,,,
3593,Sufle,,,,
3594,Sukha,,,,
3595,Suki Waterhouse,,,,
3596,Sukima Switch,,,,
3597,Sultan of the Disco,,,,
3598,Sum 41,,,,
3599,Sumix,,,,
3600,Sun-El Musician,,,,
3601,SunKissed Lola,,,,
3602,Sunanda Sharma,,,,
3603,Sundar C. Babu,,,,
3604,Sunset Sweatshop,,,,
3605,Super Yei,,,,
3606,Super8 & Tab,,,,
3607,Surf Mesa,,,,
3608,Surf Trash,,,,
3609,Surfer Girl,,,,
3610,Surfistas Del Sistema,,,,
3611,Survive Said The Prophet,,,,
3612,Suspekt,,,,
3613,Suu,,,,
3614,Suvi Teräsniska,,,,
3615,Suzan & Freek,,,,
3616,Sven-Ingvars,,,,
3617,Sverrir Bergmann,,,,
3618,Svyatoslav Vakarchuk,,,,
3619,Swanky Tunes,,,,
3620,Swedish House Mafia,,,,
3621,Sykur,,,,
3622,Sylvie Kreusch,,,,
3623,Sylwia Grzeszczak,,,,
3624,Syn Cole,,,,
3625,Synne Vo,,,,
3626,System Of A Down,,,,
3627,Sztywny Pal Azji,,,,
3628,Szumek,,,,
3629,SØNIN,,,,
3630,Sám Sebou,,,,
3631,Sözer Sepetçi,,,,
3632,Sơn Tùng M-TP,,,,
3633,T-Mass,,,,
3634,T-Pain,,,,
3635,T.Love,,,,
3636,T.R.I,,,,
3637,TAEYEON,,,,
3638,TAEYONG,,,,
3639,TALK,,,,
3640,TEEKS,,,,
3641,TESLENKO,,,,
3642,THE ANXIETY,,,,
3643,THE DRIVER ERA,,,,
3644,THE ORAL CIGARETTES,,,,
3645,THE ROOP,,,,
3646,THE TOYS,,,,
3647,THEMOONWILLALWAYSBEWITHME,,,,
3648,THORNAPPLE,,,,
3649,TIK,,,,
3650,TINI,,,,
3651,TK from Ling tosite sigure,,,,
3652,TOMORROW X TOGETHER,,,,
3653,TOOL,,,,
3654,TOUCHED,,,,
3655,TREASURE,,,,
3656,TRIBU,,,,
3657,TRITICUM,,,,
3658,TV Noise,,,,
3659,TVORCHI,,,,
3660,TWICE,,,,
3661,TWS,,,,
3662,Taaruk Raina,,,,
3663,Taburete,,,,
3664,Tahiti,,,,
3665,Tai Verdes,,,,
3666,Tainy,,,,
3667,Takagi & Ketra,,,,
3668,Takida,,,,
3669,Talking Heads,,,,
3670,Talwiinder,,,,
3671,Tamar Braxton,,,,
3672,Tamara Milutinović,,,,
3673,Tame Impala,,,,
3674,Tamer Ashour,,,,
3675,Tamer Hosny,,,,
3676,Tamia,,,,
3677,Tan Bionica,,,,
3678,Tananai,,,,
3679,TangBadVoice,,,,
3680,Tani Yuuki,,,,
3681,Tanishk Bagchi,,,,
3682,Tap 011,,,,
3683,Tar TorJorWor,,,,
3684,Tarkan,,,,
3685,Taska Black,,,,
3686,Tate McRae,,,,
3687,Tatiana Bulanova,,,,
3688,Tatiana Delalvz,,,,
3689,Tatsunoshin,,,,
3690,Tauren Wells,,,,
3691,Tautinis Brandas,,,,
3692,Tayc,,,,
3693,Taylor Swift,,,,
3694,Tayna,,,,
3695,Tchami,,,,
3696,Tedua,,,,
3697,Teenage Dads,,,,
3698,Teflon Brothers,,,,
3699,Tegi Pannu,,,,
3700,Tego Calderón,,,,
3701,Tekir,,,,
3702,Television off,,,,
3703,Tember Blanche,,,,
3704,Tempalay,,,,
3705,Temple Sour,,,,
3706,Tempo Giusto,,,,
3707,Tems,,,,
3708,Tenacious D,,,,
3709,Tennyson,,,,
3710,Teren,,,,
3711,Terno Rei,,,,
3712,Terra ,,,,
3713,Tessa,,,,
3714,Tetrix Bass,,,,
3715,Teyana Taylor,,,,
3716,Tezzel,,,,
3717,Thalapathy Vijay,,,,
3718,Thalles Roberto,,,,
3719,Thaman S,,,,
3720,Thastor,,,,
3721,The 1975,,,,
3722,The Academy: Segunda Misión,,,,
3723,The Afters,,,,
3724,The Animals,,,,
3725,The Avalanches,,,,
3726,The B-52's,,,,
3727,The Beaches,,,,
3728,The Beatles,,,,
3729,The Birthday,,,,
3730,The Black Keys,,,,
3731,The Black Mamba,,,,
3732,The Black Skirts,,,,
3733,The Blessed Madonna,,,,
3734,The Blue Stones,,,,
3735,The BossHoss,,,,
3736,The Cardigans,,,,
3737,The Castaways,,,,
3738,The Coronas,,,,
3739,The Cranberries,,,,
3740,The Cure,,,,
3741,The Doors,,,,
3742,The Elovaters,,,,
3743,The Expendables,,,,
3744,The Faim,,,,
3745,The Felice Brothers,,,,
3746,The First Station,,,,
3747,The Glorious Sons,,,,
3748,The Goo Goo Dolls,,,,
3749,The Good The Bad and The Zugly,,,,
3750,The Happy Fits,,,,
3751,The Hardkiss,,,,
3752,The Hatters,,,,
3753,The Hellacopters,,,,
3754,The High Kings,,,,
3755,The Him,,,,
3756,The Hip Abduction,,,,
3757,The Hives,,,,
3758,The Juans,,,,
3759,The K's,,,,
3760,The Killers,,,,
3761,The Kolors,,,,
3762,The Lathums,,,,
3763,The Local Train,,,,
3764,The Lumineers,,,,
3765,The Magician,,,,
3766,The Marcus King Band,,,,
3767,The Mary Wallopers,,,,
3768,The Marías,,,,
3769,The Minds Of 99,,,,
3770,The Motans,,,,
3771,The Movement,,,,
3772,The Mystery Lights,,,,
3773,The National,,,,
3774,The Neighbourhood,,,,
3775,The New Seekers,,,,
3776,The Night Flight Orchestra,,,,
3777,The Nitrox,,,,
3778,The Offspring,,,,
3779,The Poles,,,,
3780,The Police,,,,
3781,The Prodigy,,,,
3782,The Raconteurs,,,,
3783,The Rasmus,,,,
3784,The Red Clay Strays,,,,
3785,The Reytons,,,,
3786,The Rions,,,,
3787,The Rolling Stones,,,,
3788,The Royal Foundry,,,,
3789,The Rudeboyz,,,,
3790,The Score,,,,
3791,The Scratch,,,,
3792,The Script,,,,
3793,The Second Level,,,,
3794,The Snuts,,,,
3795,The Sounds,,,,
3796,The Stranglers,,,,
3797,The Strokes,,,,
3798,The Temper Trap,,,,
3799,The Terrys,,,,
3800,The Tragically Hip,,,,
3801,The Unlikely Candidates,,,,
3802,The Unsleeping,,,,
3803,The Urs,,,,
3804,The Vanns,,,,
3805,The Verve,,,,
3806,The Vogues,,,,
3807,The Voidz,,,,
3808,The War On Drugs,,,,
3809,The Weeknd,,,,
3810,The White Hair Cut,,,,
3811,The White Stripes,,,,
3812,The Who,,,,
3813,The Wombats,,,,
3814,The Yellow Diary,,,,
3815,The-Dream,,,,
3816,Therapie TAXI,,,,
3817,Thibault Cauvin,,,,
3818,Third Party,,,,
3819,Thirty Seconds To Mars,,,,
3820,This Is Lorelei,,,,
3821,Thom Yorke,,,,
3822,Thomas Dutronc,,,,
3823,Thomas Gold,,,,
3824,Thomas Helmig,,,,
3825,Thomas Nan,,,,
3826,Thomas Rhett,,,,
3827,Thomas Stenström,,,,
3828,Thor Farlov,,,,
3829,Those Damn Crows,,,,
3830,Three Days Grace,,,,
3831,Thundermother,,,,
3832,Thịnh Suy,,,,
3833,Tiago PZK,,,,
3834,Tiakola,,,,
3835,Tim Bendzko,,,,
3836,Tim van Werd,,,,
3837,Tima Belorusskih,,,,
3838,Timal,,,,
3839,Timaya,,,,
3840,Time To Talk,,,,
3841,Timmy Trumpet,,,,
3842,Tina Dickow,,,,
3843,Tina Karol,,,,
3844,Tina Turner,,,,
3845,"Tito ""El Bambino""",,,,
3846,Titãs,,,,
3847,Tiësto,,,,
3848,Tobal Mj,,,,
3849,Tobias Rahim,,,,
3850,Tobu,,,,
3851,TobyMac,,,,
3852,Toini & The Tomcats,,,,
3853,Tokio Hotel,,,,
3854,Tokyo Incidents,,,,
3855,Tom & Collins,,,,
3856,Tom Fall,,,,
3857,Tom Field,,,,
3858,Tom Gregory,,,,
3859,Tom Grennan,,,,
3860,Tom Morello,,,,
3861,Tom Odell,,,,
3862,Tom Petty,,,,
3863,Tom Petty and the Heartbreakers,,,,
3864,Tom Twers,,,,
3865,Tom Walker,,,,
3866,Tomatow,,,,
3867,Tommaso Paradiso,,,,
3868,Tommy Baynen,,,,
3869,Tommy Boysen,,,,
3870,Tommy James & The Shondells,,,,
3871,Tones And I,,,,
3872,Toni Braxton,,,,
3873,Tony Cetinski,,,,
3874,Tony Dize,,,,
3875,Tony Effe,,,,
3876,Tony Kakkar,,,,
3877,Too Close To Touch,,,,
3878,TopGunn,,,,
3879,Topic,,,,
3880,Tory Lanez,,,,
3881,Totoy El Frio,,,,
3882,Toše Proeski,,,,
3883,Traffic,,,,
3884,Trang Fødsel,,,,
3885,Travis Denning,,,,
3886,Treaty Oak Revival,,,,
3887,Trey Lewis,,,,
3888,Trey Songz,,,,
3889,Tribalistas,,,,
3890,Tribbs,,,,
3891,Triple M,,,,
3892,Tristam,,,,
3893,Tritonal,,,,
3894,Trivecta,,,,
3895,Trixie Whitley,,,,
3896,Trobi,,,,
3897,Trois Cafés Gourmands,,,,
3898,Tropidelic,,,,
3899,Troy Kingi,,,,
3900,Troye Sivan,,,,
3901,Trueno,,,,
3902,Tryo,,,,
3903,Tucker Wetmore,,,,
3904,Tue West,,,,
3905,Tujamo,,,,
3906,Tuna Kiremitçi,,,,
3907,Tunechikidd,,,,
3908,Turf,,,,
3909,Tuure Kilpeläinen ja Kaihon Karavaani,,,,
3910,Tuğkan,,,,
3911,Tuğçe Kandemir,,,,
3912,Tweet,,,,
3913,Twenty One Pilots,,,,
3914,Twin Tribes,,,,
3915,Two Feet,,,,
3916,Twoxi,,,,
3917,Txarango,,,,
3918,Ty Dolla $ign,,,,
3919,Tyga,,,,
3920,Tyler Booth,,,,
3921,Tyler Braden,,,,
3922,Tyler Hubbard,,,,
3923,Tyler Rich,,,,
3924,Tyne-James Organ,,,,
3925,Type O Negative,,,,
3926,Tyr,,,,
3927,Tyron Hapi,,,,
3928,Tønes,,,,
3929,Tøyen Holding,,,,
3930,Tùng Dương,,,,
3931,Tăng Duy Tân,,,,
3932,U2,,,,
3933,UNDERGRUNN,,,,
3934,UNISON SQUARE GARDEN,,,,
3935,URBOYTJ,,,,
3936,URO,,,,
3937,USHER,,,,
3938,UVERworld,,,,
3939,UZI,,,,
3940,Ude Af Kontrol,,,,
3941,Udo Lindenberg,,,,
3942,Ufuk Beydemir,,,,
3943,Ukendt Kunstner,,,,
3944,Ultimo,,,,
3945,Ultra Bra,,,,
3946,Ultra Vomit,,,,
3947,Ummet Ozcan,,,,
3948,Umur Anil Gokdag,,,,
3949,Una Torfa,,,,
3950,Unified Highway,,,,
3951,Unknown Brain,,,,
3952,Unknown Mortal Orchestra,,,,
3953,Unspoken,,,,
3954,Uplink,,,,
3955,Urba y Rome,,,,
3956,Urban & 4,,,,
3957,Ursus Factory,,,,
3958,Urszula,,,,
3959,Uru,,,,
3960,VAVAN,,,,
3961,VC Barre,,,,
3962,VELVET,,,,
3963,VERBEE,,,,
3964,VESNA305,,,,
3965,VIIVI,,,,
3966,VINAI,,,,
3967,VINNE,,,,
3968,VIVID,,,,
3969,VK Blanka,,,,
3970,VOILÀ,,,,
3971,VOLAC,,,,
3972,VUNK,,,,
3973,Vaance,,,,
3974,Vacra,,,,
3975,Vaidas Baumila,,,,
3976,Valdimar Guðmundsson,,,,
3977,Valentino,,,,
3978,Valentino Khan,,,,
3979,Valeria Castro,,,,
3980,Vamp,,,,
3981,Vampire Weekend,,,,
3982,Vance Joy,,,,
3983,Vanesa Martín,,,,
3984,Vanessa Paradis,,,,
3985,Vanessa Williams,,,,
3986,Vanic,,,,
3987,Varinder Brar,,,,
3988,Vasya Oblomov,,,,
3989,Vatra,,,,
3990,Vaundy,,,,
3991,Ved Sharma,,,,
3992,Vedo,,,,
3993,Vegedream,,,,
3994,Veintiuno,,,,
3995,Vendredi sur Mer,,,,
3996,Venerus,,,,
3997,Veronica Maggio,,,,
3998,Versengold,,,,
3999,Vescan,,,,
4000,Vesta,,,,
4001,Vesterinen Yhtyeineen,,,,
4002,Vetusta Morla,,,,
4003,Vexento,,,,
4004,Vianney,,,,
4005,Vicetone,,,,
4006,Vicky,,,,
4007,Victony,,,,
4008,Victor Leksell,,,,
4009,Victor Lou,,,,
4010,Victoria Nadine,,,,
4011,Vidar Villa,,,,
4012,Videoclub,,,,
4013,Vigiland,,,,
4014,Viki Gabor,,,,
4015,Vilen,,,,
4016,Villagers of Ioannina City,,,,
4017,Villano Antillano,,,,
4018,Vincent,,,,
4019,Vincent Mason,,,,
4020,Vintage,,,,
4021,Vintage Culture,,,,
4022,Violetta Sokolova,,,,
4023,Violette Wautier,,,,
4024,Vionita,,,,
4025,Vishal Chandrashekhar,,,,
4026,Vishal Mishra,,,,
4027,Vitaa,,,,
4028,Vito Bambino,,,,
4029,Viva Suecia,,,,
4030,Vivienne Mort,,,,
4031,Vizza,,,,
4032,Vlada Divljan,,,,
4033,Volant,,,,
4034,Volbeat,,,,
4035,Volkan Konak,,,,
4036,Volkanov,,,,
4037,Volkoder,,,,
4038,Voo Voo,,,,
4039,Voost,,,,
4040,VovaZiLvova,,,,
4041,Voz Veis,,,,
4042,Vremya i Steklo,,,,
4043,VÆB,,,,
4044,Vũ Cát Tường,,,,
4045,Vũ Phụng Tiên,,,,
4046,Vũ.,,,,
4047,W&W,,,,
4048,W/N,,,,
4049,WANIMA,,,,
4050,WOLFHOWL,,,,
4051,WOODZ,,,,
4052,WRLD,,,,
4053,WYR GEMI,,,,
4054,Wabie,,,,
4055,Wael Jassar,,,,
4056,Wael Kfoury,,,,
4057,Wahlstedt,,,,
4058,Wajhi Farooki,,,,
4059,Walk off the Earth,,,,
4060,Walker Hayes,,,,
4061,Walking On Cars,,,,
4062,Wallaby,,,,
4063,WaluśKraksaKryzys,,,,
4064,Wanda Jackson,,,,
4065,Wande Coal,,,,
4066,Warhaus,,,,
4067,Warren Zeiders,,,,
4068,Wasuta,,,,
4069,Waxahatchee,,,,
4070,We Architects,,,,
4071,We Are Messengers,,,,
4072,We Came As Romans,,,,
4073,Weezer,,,,
4074,Weird Sounding Dude,,,,
4075,Wellboy,,,,
4076,Wende,,,,
4077,Werenoi,,,,
4078,West Coast Massive,,,,
4079,Wet Leg,,,,
4080,Weyes Blood,,,,
4081,Whal & Dolph,,,,
4082,Whales,,,,
4083,What So Not,,,,
4084,Wheatus,,,,
4085,Whiskey Myers,,,,
4086,Whitney,,,,
4087,WhoMadeWho,,,,
4088,Why Don't We,,,,
4089,Wiktor Dyduła,,,,
4090,Wild Cards,,,,
4091,Wild Rivers,,,,
4092,WildVibes,,,,
4093,Will Prime,,,,
4094,Willcox,,,,
4095,William Araujo,,,,
4096,William Black,,,,
4097,William Sheller,,,,
4098,Willie Nelson,,,,
4099,Willy William,,,,
4100,Wincent Weiss,,,,
4101,Winky D,,,,
4102,Winning Team,,,,
4103,Wir sind Helden,,,,
4104,Wisin,,,,
4105,Wisin & Yandel,,,,
4106,Wiz Khalifa,,,,
4107,Wizkid,,,,
4108,Wolf Alice,,,,
4109,Wolfine,,,,
4110,Wolfpack,,,,
4111,Wren Evans,,,,
4112,Wyatt Flores,,,,
4113,WŁODAR,,,,
4114,X Ambassadors,,,,
4115,XG,,,,
4116,Xavibo,,,,
4117,Xd,,,,
4118,Xenia Ghali,,,,
4119,Xillions,,,,
4120,Ximena Sariñana,,,,
4121,Xiu Xiu,,,,
4122,Y2K,,,,
4123,Y4ska,,,,
4124,YAKTAK,,,,
4125,YARMAK,,,,
4126,YENTED,,,,
4127,YEONJUN,,,,
4128,YERM,,,,
4129,YEW,,,,
4130,YOASOBI,,,,
4131,YONAKA,,,,
4132,YOTTO,,,,
4133,YOVNGCHIMI,,,,
4134,YUNGBLUD,,,,
4135,Yalın,,,,
4136,Yampi,,,,
4137,Yan Block,,,,
4138,Yandel,,,,
4139,Yanns,,,,
4140,Yashal Shahid,,,,
4141,Yasin,,,,
4142,Yasmine,,,,
4143,Yasser Desai,,,,
4144,Yassir,,,,
4145,Yaşlı Amca,,,,
4146,Ycare,,,,
4147,Yeah Yeah Yeahs,,,,
4148,Yebba,,,,
4149,Yellow Claw,,,,
4150,Yeri Mua,,,,
4151,Yerin Baek,,,,
4152,Yero Company,,,,
4153,Yeruza,,,,
4154,Yeyo,,,,
4155,Yiannis Kotsiras,,,,
4156,Yll Limani,,,,
4157,Yng Lvcas,,,,
4158,Yodelice,,,,
4159,Yot Club,,,,
4160,Young Bombs,,,,
4161,Young Cister,,,,
4162,Young Jonn,,,,
4163,Young Leosia,,,,
4164,Young Martino,,,,
4165,Young Miko,,,,
4166,Young Stoner Life,,,,
4167,Youssif Elashry,,,,
4168,Youth Brush,,,,
4169,Ypogeia Revmata,,,,
4170,Yseult,,,,
4171,Ytram,,,,
4172,Yubeili,,,,
4173,Yung Beef,,,,
4174,Yung Dupe,,,,
4175,Yung Sarria,,,,
4176,Yuridia,,,,
4177,Yusuf / Cat Stevens,,,,
4178,Yusuf Ekşioğlu,,,,
4179,Yuuri,,,,
4180,Yves V,,,,
4181,Yüzyüzeyken Konuşuruz,,,,
4182,Z Jocker,,,,
4183,Z9,,,,
4184,ZAF,,,,
4185,ZAQ,,,,
4186,ZENTYARB,,,,
4187,ZHU,,,,
4188,ZICO,,,,
4189,ZOLOTO,,,,
4190,ZOO,,,,
4191,ZSK,,,,
4192,ZUTOMAYO,,,,
4193,Zac Brown Band,,,,
4194,Zach Top,,,,
4195,Zack Martino,,,,
4196,Zack Tabudlo,,,,
4197,Zaeden,,,,
4198,Zagar,,,,
4199,Zaho de Sagazan,,,,
4200,Zaira,,,,
4201,Zakkum,,,,
4202,Zaporozsec,,,,
4203,Zara Larsson,,,,
4204,Zayde Wølf,,,,
4205,Zdravko Čolić,,,,
4206,Zeca Baleiro,,,,
4207,Zedd,,,,
4208,Zeds Dead,,,,
4209,Zehr Vibe,,,,
4210,Zemfira,,,,
4211,Zerb,,,,
4212,Zeynep Bastık,,,,
4213,Zhadan i Sobaky,,,,
4214,Zhamira Zambrano,,,,
4215,Zhou Shen,,,,
4216,Ziak,,,,
4217,Ziferblat,,,,
4218,Zinoleesky,,,,
4219,Zion & Lennox,,,,
4220,Zivert,,,,
4221,Ziynet Sali,,,,
4222,Zkr,,,,
4223,Zlatan,,,,
4224,Zoe Wees,,,,
4225,Zola,,,,
4226,Zomboy,,,,
4227,Zoé,,,,
4228,Zucchero,,,,
4229,Zuka,,,,
4230,Zveri,,,,
4231,Zwyntar,,,,
4232,[AMATORY],,,,
4233,[Alexandros],,,,
4234,[Би-2],,,,
4235,adaś.,,,,
4236,aespa,,,,
4237,alt-J,,,,
4238,alyona alyona,,,,
4239,amazarashi,,,,
4240,andreas odbjerg,,,,
4241,antihoney,,,,
4242,ayiko,,,,
4243,ba.latskii,,,,
4244,back number,,,,
4245,balloon,,,,
4246,bambi,,,,
4247,beabadoobee,,,,
4248,berry meet,,,,
4249,blackbear,,,,
4250,blink-182,,,,
4251,breathe.,,,,
4252,brenn.,,,,
4253,bryska,,,,
4254,buitruonglinh,,,,
4255,cassö,,,,
4256,chilldspot,,,,
4257,cinema staff,,,,
4258,coldrain,,,,
4259,d4vd,,,,
4260,dArtagnan,,,,
4261,deadmau5,,,,
4262,dity inzheneriv,,,,
4263,elijah woods,,,,
4264,emre aydın,,,,
4265,en,,,,
4266,estraden,,,,
4267,fellow fellow,,,,
4268,for KING & COUNTRY,,,,
4269,fromis_9,,,,
4270,george,,,,
4271,girl in red,,,,
4272,gnash,,,,
4273,grandson,,,,
4274,guncharlie,,,,
4275,hurtom,,,,
4276,i-dle,,,,
4277,iZaak,,,,
4278,if found,,,,
4279,if i die in mississippi,,,,
4280,illusionize,,,,
4281,imase,,,,
4282,indigo la End,,,,
4283,isaur,,,,
4284,ivri,,,,
4285,j-hope,,,,
4286,joan,,,,
4287,kiki vivi lily,,,,
4288,kobasolo,,,,
4289,legallyrxx,,,,
4290,lemon joy,,,,
4291,lil joujou,,,,
4292,maNga,,,,
4293,majiko,,,,
4294,mazie,,,,
4295,melvitto,,,,
4296,mgk,,,,
4297,mgng,,,,
4298,milet,,,,
4299,mor ve ötesi,,,,
4300,mvrk,,,,
4301,mxmtoon,,,,
4302,my little airport,,,,
4303,nanobii,,,,
4304,natori,,,,
4305,never young beach,,,,
4306,nublu,,,,
4307,ooes,,,,
4308,paopao,,,,
4309,passmurny,,,,
4310,picco,,,,
4311,pyrokinesis,,,,
4312,quannnic,,,,
4313,rares,,,,
4314,sakanaction,,,,
4315,sanah,,,,
4316,sangiovanni,,,,
4317,satomoka,,,,
4318,shirebound,,,,
4319,shit shit shit!,,,,
4320,shytaupe,,,,
4321,southstar,,,,
4322,space x,,,,
4323,sumika,,,,
4324,tacica,,,,
4325,thasup,,,,
4326,tlinh,,,,
4327,twocolors,,,,
4328,twoloud,,,,
4329,typo g,,,,
4330,vf7,,,,
4331,vinni,,,,
4332,wave to earth,,,,
4333,whylovly,,,,
4334,yama,,,,
4335,yeule,,,,
4336,yutori,,,,
4337,zhanulka,,,,
4338,zxcursed,,,,
4339,zzoilo,,,,
4340,Á Móti Sól,,,,
4341,Álvaro De Luna,,,,
4342,Åge Aleksandersen,,,,
4343,Çağatay Akman,,,,
4344,Ñejo,,,,
4345,Ñejo & Dalmata,,,,
4346,Ñengo Flow,,,,
4347,Öwnboss,,,,
4348,Özdemir Erdoğan,,,,
4349,Đen,,,,
4350,Đình Dũng,,,,
4351,Đức Phúc,,,,
4352,İkilem,,,,
4353,İkiye On Kala,,,,
4354,İrem Derici,,,,
4355,Şanışer,,,,
4356,Željko Bebek,,,,
4357,Žemaitukai,,,,
4358,АСАФАТОV,,,,
4359,Андрей Державин,,,,
4360,АнимациЯ,,,,
4361,Анна Трінчер,,,,
4362,БЕЗ ОБМЕЖЕНЬ,,,,
4363,БИРТМАН,,,,
4364,Борис Сичевський,,,,
4365,Був'є,,,,
4366,ВІЙ,,,,
4367,Вектор А,,,,
4368,ГУДТАЙМС,,,,
4369,Голос Омерики,,,,
4370,Громадянин Топінамбур,,,,
4371,Грязь,,,,
4372,Гурт Дно,,,,
4373,Дeva,,,,
4374,ДДТ,,,,
4375,Дайте Два,,,,
4376,Дайте танк (!),,,,
4377,Даня Милохин,,,,
4378,Дела Поважнее,,,,
4379,Джизус,,,,
4380,Дора,,,,
4381,Екатерина Яшникова,,,,
4382,КОСМОНАВТОВ НЕТ,,,,
4383,Канцлер ГИ,,,,
4384,Карна,,,,
4385,Кассиопея,,,,
4386,Кореш,,,,
4387,Крихітка,,,,
4388,Курган & Agregat,,,,
4389,Лівінстон,,,,
4390,Лінія Маннергейма,,,,
4391,МИНУС18,,,,
4392,МОТ,,,,
4393,МУР,,,,
4394,Максим Бородін,,,,
4395,Марний,,,,
4396,Медовий Полин,,,,
4397,Мертвий півень,,,,
4398,Мэвл,,,,
4399,Мэйби Бэйби,,,,
4400,Мюслі UA,,,,
4401,Мёртвые Дельфины,,,,
4402,Мёртвые Осы,,,,
4403,Настя Балог,,,,
4404,Несогласие,,,,
4405,Ницо Потворно,,,,
4406,ОЧІ В ОЧІ,,,,
4407,Олександр Пономарьов,,,,
4408,Орлин Горанов,,,,
4409,Папин Олимпос,,,,
4410,Пирятин,,,,
4411,Пневмослон,,,,
4412,Потомучто,,,,
4413,Піккардійська терція,,,,
4414,Розум Зник,,,,
4415,Руслан Утюг,,,,
4416,Руши,,,,
4417,Скрябін,,,,
4418,Сны Саламандры,,,,
4419,Созвездие Отрезок,,,,
4420,Схожа,,,,
4421,ТНМК,,,,
4422,Тоня Матвієнко,,,,
4423,Три дня дождя,,,,
4424,Тінь Сонця,,,,
4425,ФОГЕЛЬ,,,,
4426,ФРЕНДЗОНА,,,,
4427,Хабиб,,,,
4428,Харцизи,,,,
4429,Цвях,,,,
4430,Черный Лукич,,,,
4431,Шамиль Кашешов,,,,
4432,Шугар,,,,
4433,ЩЕНКИ,,,,
4434,Элли на маковом поле,,,,
4435,ЯeaL,,,,
4436,ЯАVЬ,,,,
4437,алёна швец.,,,,
4438,анастимоза,,,,
4439,кис-кис,,,,
4440,конец солнечных дней,,,,
4441,лампабикт,,,,
4442,нексюша,,,,
4443,просто Лера,,,,
4444,снова не успел,,,,
4445,тима ищет свет,,,,
4446,шумные и угрожающие выходки,,,,
4447,ששון איפרם שאולוב,,,,
4448,ريفو شو,,,,
4449,กานต์ ทศน,,,,
4450,จ๊อบ เสกสันต์,,,,
4451,ดวงดาว เดียวดาย,,,,
4452,ท๊อป มอซอ,,,,
4453,บ.เบิ้ล สามร้อย,,,,
4454,วงกลม,,,,
4455,วงกางเกง,,,,
4456,เนสกาแฟ ศรีนคร,,,,
4457,เม้ก อภิสิทธิ์,,,,
4458,แมว จิระศักดิ์,,,,
4459,『ユイカ』,,,,
4460,カネコアヤノ,,,,
4461,バルーン,,,,
4462,ヨルシカ,,,,
4463,万能青年旅店,,,,
4464,卢卢快闭嘴,,,,
4465,大籽,,,,
4466,小阿七,,,,
4467,張遠,,,,
4468,承桓,,,,
4469,梦然,,,,
4470,王靖雯,,,,
4471,程响,,,,
4472,等什么君,,,,
4473,艾辰,,,,
4474,花冷え。,,,,
4475,苏星婕,,,,
4476,蒋小呢,,,,
4477,蒋雪儿 Snow.J,,,,
4478,郑润泽,,,,
4479,阿冗,,,,
4480,陈村长,,,,
4481,電音部,,,,
4482,音阙诗听,,,,
